Nombre,Edad,Sexo,Peso,Alimento,Área
Nala57,1,Masculino,194,Insectos,Ártico
Rex258,2,Masculino,394,Hierba,Sabana
Nala298,3,Masculino,192,Frutas,Acuático
Rex151,4,Masculino,252,Frutas,Montaña
Leo35,5,Femenino,158,Pescado,Sabana
Rex170,6,Masculino,87,Vegetales,Montaña
Rex163,7,Femenino,393,Hierba,Ártico
Coco176,8,Masculino,148,Insectos,Acuático
Luna241,9,Femenino,188,Vegetales,Sabana
Nala259,10,Masculino,70,Frutas,Montaña
Rocky253,11,Masculino,370,Hierba,Ártico
Nala144,12,Masculino,325,Frutas,Granja
Mila176,13,Masculino,134,Vegetales,Ártico
Rocky144,14,Femenino,139,Pescado,Sabana
Coco264,15,Masculino,309,Hierba,Granja
Max205,16,Masculino,66,Vegetales,Acuático
Max216,17,Masculino,113,Hierba,Granja
Mila109,18,Masculino,279,Carne,Sabana
Coco39,19,Masculino,182,Carne,Desierto
Bella243,20,Femenino,27,Insectos,Ártico
Simba279,21,Femenino,469,Vegetales,Montaña
Bella19,22,Masculino,196,Hierba,Acuático
Bella39,23,Femenino,337,Pescado,Selva
Mila192,24,Masculino,274,Pescado,Selva
Max145,25,Masculino,245,Insectos,Desierto
Leo31,26,Masculino,63,Vegetales,Montaña
Bella119,27,Femenino,438,Vegetales,Granja
Mila271,28,Femenino,92,Frutas,Acuático
Bella114,29,Femenino,35,Insectos,Acuático
Coco87,30,Masculino,349,Hierba,Acuático
Luna154,31,Femenino,62,Insectos,Selva
Luna250,32,Masculino,228,Pescado,Ártico
Coco267,33,Masculino,66,Frutas,Montaña
Mila238,34,Femenino,58,Carne,Sabana
Bella45,35,Masculino,133,Frutas,Granja
Bella100,36,Masculino,206,Frutas,Selva
Nala19,37,Femenino,496,Carne,Selva
Luna174,38,Masculino,198,Insectos,Desierto
Rex96,39,Femenino,499,Frutas,Montaña
Bella251,40,Masculino,381,Insectos,Acuático
Bella70,41,Masculino,187,Pescado,Ártico
Rocky191,42,Femenino,342,Carne,Selva
Nala267,43,Femenino,489,Pescado,Selva
Leo80,44,Femenino,421,Frutas,Montaña
Luna65,45,Femenino,16,Carne,Montaña
Rocky175,46,Femenino,314,Hierba,Montaña
Bella298,47,Femenino,154,Vegetales,Granja
Max230,48,Masculino,298,Hierba,Acuático
Max28,49,Masculino,407,Hierba,Sabana
Mila80,50,Masculino,194,Carne,Selva
Coco163,51,Femenino,94,Frutas,Selva
Nala170,52,Femenino,80,Insectos,Ártico
Rex191,53,Femenino,127,Insectos,Acuático
Luna182,54,Masculino,244,Frutas,Acuático
Mila228,55,Masculino,128,Insectos,Sabana
Coco122,56,Femenino,31,Carne,Ártico
Rex254,57,Femenino,343,Insectos,Acuático
Leo184,58,Femenino,82,Carne,Selva
Max238,59,Masculino,417,Vegetales,Selva
Luna277,60,Masculino,414,Vegetales,Sabana
Luna243,61,Masculino,186,Vegetales,Ártico
Leo122,62,Femenino,195,Frutas,Granja
Nala280,63,Femenino,288,Hierba,Montaña
Simba23,64,Masculino,1,Pescado,Acuático
Rex84,65,Masculino,3,Carne,Desierto
Coco231,66,Masculino,129,Pescado,Selva
Mila249,67,Masculino,79,Carne,Ártico
Mila77,68,Femenino,91,Carne,Montaña
Rocky29,69,Femenino,466,Vegetales,Desierto
Coco44,70,Masculino,88,Pescado,Sabana
Bella99,71,Masculino,256,Vegetales,Selva
Simba221,72,Masculino,346,Insectos,Ártico
Mila154,73,Masculino,44,Vegetales,Selva
Rocky263,74,Femenino,482,Vegetales,Acuático
Max279,75,Masculino,37,Hierba,Acuático
Luna92,76,Masculino,175,Carne,Granja
Leo55,77,Femenino,435,Vegetales,Acuático
Leo149,78,Masculino,124,Insectos,Desierto
Bella129,79,Masculino,62,Vegetales,Sabana
Rex52,80,Femenino,403,Insectos,Selva
Max49,81,Masculino,327,Vegetales,Acuático
Coco206,82,Femenino,397,Pescado,Sabana
Rex211,83,Femenino,462,Frutas,Acuático
Nala125,84,Femenino,265,Carne,Selva
Simba75,85,Femenino,49,Carne,Montaña
Coco236,86,Femenino,475,Insectos,Montaña
Luna193,87,Masculino,236,Carne,Ártico
Coco297,88,Femenino,319,Insectos,Granja
Rocky287,89,Masculino,213,Pescado,Granja
Rocky245,90,Masculino,144,Pescado,Montaña
Simba171,91,Femenino,283,Insectos,Selva
Simba97,92,Femenino,404,Insectos,Granja
Nala245,93,Femenino,64,Vegetales,Selva
Rex130,94,Femenino,81,Carne,Granja
Leo64,95,Femenino,498,Insectos,Sabana
Max263,96,Masculino,39,Pescado,Desierto
Nala32,97,Masculino,179,Pescado,Granja
Rocky214,98,Masculino,200,Frutas,Granja
Leo111,99,Masculino,64,Vegetales,Ártico
Bella151,100,Masculino,275,Insectos,Montaña
Leo123,101,Masculino,408,Pescado,Acuático
Mila40,102,Femenino,72,Hierba,Granja
Nala113,103,Masculino,386,Frutas,Ártico
Rocky200,104,Masculino,484,Pescado,Montaña
Bella103,105,Femenino,71,Hierba,Acuático
Leo236,106,Masculino,441,Hierba,Montaña
Rex232,107,Masculino,48,Frutas,Granja
Nala160,108,Masculino,261,Hierba,Ártico
Leo300,109,Masculino,145,Hierba,Selva
Max80,110,Femenino,270,Vegetales,Sabana
Max109,111,Femenino,348,Pescado,Acuático
Luna296,112,Femenino,383,Frutas,Sabana
Rex123,113,Masculino,324,Carne,Selva
Rex100,114,Femenino,80,Frutas,Desierto
Simba230,115,Femenino,84,Hierba,Granja
Leo189,116,Masculino,375,Insectos,Montaña
Mila128,117,Femenino,8,Hierba,Desierto
Mila141,118,Femenino,342,Insectos,Granja
Simba127,119,Femenino,295,Carne,Acuático
Leo157,120,Femenino,129,Carne,Granja
Bella270,121,Femenino,255,Insectos,Granja
Rex119,122,Masculino,247,Insectos,Acuático
Rocky243,123,Femenino,292,Frutas,Granja
Bella200,124,Femenino,470,Insectos,Acuático
Rex267,125,Femenino,92,Insectos,Sabana
Leo18,126,Masculino,487,Hierba,Sabana
Mila52,127,Masculino,7,Carne,Sabana
Max47,128,Femenino,296,Insectos,Sabana
Simba62,129,Femenino,272,Carne,Acuático
Bella222,130,Masculino,341,Carne,Acuático
Rex231,131,Femenino,347,Insectos,Ártico
Coco196,132,Masculino,386,Hierba,Montaña
Luna136,133,Masculino,276,Frutas,Sabana
Rocky118,134,Femenino,267,Pescado,Granja
Bella280,135,Masculino,340,Frutas,Selva
Rex159,136,Femenino,161,Carne,Acuático
Rex264,137,Masculino,27,Vegetales,Granja
Nala17,138,Femenino,393,Pescado,Sabana
Simba154,139,Masculino,226,Pescado,Sabana
Rex116,140,Masculino,240,Insectos,Granja
Coco296,141,Masculino,269,Carne,Montaña
Coco250,142,Masculino,344,Insectos,Selva
Luna97,143,Femenino,475,Hierba,Acuático
Rocky164,144,Masculino,248,Insectos,Sabana
Rocky90,145,Masculino,350,Frutas,Selva
Rex58,146,Femenino,27,Carne,Sabana
Leo81,147,Masculino,116,Insectos,Sabana
Rex5,148,Masculino,223,Insectos,Acuático
Luna280,149,Femenino,117,Pescado,Sabana
Leo11,150,Masculino,283,Frutas,Desierto
Bella50,151,Femenino,404,Vegetales,Ártico
Rex174,152,Masculino,39,Pescado,Desierto
Luna134,153,Masculino,132,Pescado,Acuático
Bella293,154,Femenino,461,Insectos,Granja
Rocky228,155,Masculino,325,Carne,Montaña
Rex10,156,Femenino,337,Carne,Desierto
Rex127,157,Masculino,411,Frutas,Granja
Max197,158,Femenino,325,Vegetales,Granja
Nala40,159,Femenino,363,Pescado,Acuático
Leo218,160,Masculino,30,Vegetales,Granja
Max166,161,Femenino,99,Vegetales,Granja
Bella232,162,Femenino,438,Insectos,Granja
Rocky202,163,Masculino,199,Frutas,Desierto
Mila225,164,Femenino,303,Pescado,Desierto
Rex124,165,Masculino,303,Insectos,Ártico
Simba104,166,Femenino,456,Hierba,Granja
Nala210,167,Masculino,249,Hierba,Desierto
Bella278,168,Masculino,149,Pescado,Desierto
Max240,169,Femenino,231,Frutas,Sabana
Mila133,170,Femenino,306,Insectos,Selva
Nala203,171,Femenino,203,Pescado,Selva
Coco138,172,Masculino,122,Hierba,Montaña
Luna60,173,Femenino,93,Pescado,Ártico
Nala297,174,Femenino,59,Carne,Ártico
Simba129,175,Femenino,331,Pescado,Acuático
Mila281,176,Masculino,172,Frutas,Ártico
Max93,177,Femenino,168,Pescado,Ártico
Max20,178,Masculino,400,Hierba,Selva
Max156,179,Masculino,298,Pescado,Montaña
Mila217,180,Masculino,187,Vegetales,Sabana
Nala108,181,Masculino,217,Hierba,Granja
Rocky99,182,Masculino,315,Insectos,Desierto
Leo282,183,Femenino,232,Vegetales,Sabana
Rex251,184,Masculino,110,Hierba,Selva
Bella108,185,Masculino,26,Hierba,Acuático
Leo287,186,Femenino,80,Hierba,Desierto
Rex77,187,Femenino,198,Vegetales,Selva
Nala68,188,Femenino,282,Hierba,Granja
Bella168,189,Femenino,417,Carne,Acuático
Rex216,190,Masculino,226,Vegetales,Sabana
Nala44,191,Masculino,223,Vegetales,Selva
Simba258,192,Femenino,254,Insectos,Sabana
Max209,193,Masculino,27,Pescado,Selva
Coco179,194,Masculino,366,Frutas,Ártico
Rocky289,195,Masculino,300,Insectos,Acuático
Rocky109,196,Masculino,184,Frutas,Desierto
Simba38,197,Femenino,223,Hierba,Montaña
Luna190,198,Femenino,204,Vegetales,Sabana
Luna123,199,Masculino,97,Pescado,Ártico
Luna47,200,Masculino,497,Vegetales,Desierto
Luna294,201,Femenino,271,Vegetales,Selva
Rex93,202,Femenino,479,Insectos,Sabana
Simba297,203,Femenino,247,Frutas,Granja
Simba225,204,Masculino,457,Vegetales,Ártico
Rex31,205,Femenino,21,Pescado,Selva
Simba9,206,Femenino,492,Hierba,Desierto
Bella36,207,Masculino,115,Frutas,Selva
Max149,208,Masculino,153,Carne,Granja
Simba271,209,Masculino,36,Pescado,Acuático
Bella156,210,Femenino,128,Carne,Granja
Luna169,211,Masculino,16,Carne,Ártico
Mila215,212,Femenino,388,Vegetales,Selva
Simba95,213,Femenino,199,Frutas,Granja
Mila174,214,Masculino,235,Frutas,Acuático
Luna69,215,Femenino,381,Vegetales,Acuático
Max38,216,Masculino,65,Carne,Sabana
Rex182,217,Masculino,203,Frutas,Sabana
Simba6,218,Masculino,161,Hierba,Ártico
Simba68,219,Masculino,234,Pescado,Acuático
Coco104,220,Masculino,479,Pescado,Acuático
Rocky10,221,Masculino,132,Vegetales,Acuático
Rex276,222,Masculino,158,Vegetales,Granja
Rocky121,223,Femenino,250,Frutas,Desierto
Simba18,224,Masculino,326,Frutas,Desierto
Coco273,225,Masculino,323,Carne,Desierto
Simba113,226,Femenino,221,Insectos,Granja
Coco204,227,Femenino,157,Carne,Selva
Rocky156,228,Femenino,450,Vegetales,Selva
Max77,229,Femenino,318,Insectos,Ártico
Luna26,230,Masculino,268,Vegetales,Montaña
Nala197,231,Femenino,396,Vegetales,Selva
Nala146,232,Masculino,373,Insectos,Desierto
Leo211,233,Femenino,127,Carne,Desierto
Leo65,234,Femenino,58,Frutas,Montaña
Nala159,235,Masculino,220,Hierba,Montaña
Leo216,236,Femenino,474,Carne,Sabana
Mila62,237,Femenino,451,Hierba,Acuático
Luna90,238,Masculino,23,Carne,Acuático
Mila260,239,Femenino,287,Pescado,Desierto
Bella64,240,Femenino,409,Vegetales,Ártico
Rex273,241,Femenino,98,Carne,Ártico
Rex236,242,Masculino,353,Frutas,Selva
Rex111,243,Femenino,165,Frutas,Ártico
Nala80,244,Femenino,282,Hierba,Granja
Simba117,245,Femenino,242,Hierba,Sabana
Nala33,246,Femenino,199,Pescado,Sabana
Rocky262,247,Femenino,215,Carne,Ártico
Mila47,248,Masculino,378,Hierba,Sabana
Leo107,249,Masculino,395,Hierba,Selva
Max204,250,Masculino,470,Frutas,Sabana
Leo47,251,Masculino,176,Pescado,Ártico
Nala65,252,Masculino,100,Insectos,Sabana
Mila14,253,Femenino,346,Insectos,Ártico
Simba285,254,Masculino,160,Frutas,Sabana
Rex195,255,Masculino,311,Pescado,Acuático
Rex106,256,Femenino,26,Hierba,Granja
Coco274,257,Femenino,171,Insectos,Selva
Max15,258,Femenino,479,Hierba,Montaña
Coco242,259,Femenino,352,Carne,Ártico
Bella291,260,Masculino,478,Hierba,Selva
Simba73,261,Femenino,235,Frutas,Sabana
Nala41,262,Femenino,462,Pescado,Ártico
Bella250,263,Masculino,230,Pescado,Acuático
Coco26,264,Femenino,145,Hierba,Acuático
Bella46,265,Femenino,80,Frutas,Montaña
Bella57,266,Masculino,22,Vegetales,Acuático
Luna42,267,Masculino,276,Pescado,Ártico
Leo206,268,Masculino,489,Vegetales,Granja
Rocky141,269,Masculino,498,Hierba,Granja
Simba276,270,Femenino,156,Pescado,Selva
Coco10,271,Femenino,487,Frutas,Desierto
Max235,272,Masculino,210,Insectos,Acuático
Nala5,273,Masculino,178,Vegetales,Ártico
Max294,274,Masculino,20,Insectos,Ártico
Rocky8,275,Femenino,438,Pescado,Granja
Mila131,276,Femenino,366,Hierba,Selva
Max269,277,Femenino,14,Insectos,Granja
Simba163,278,Femenino,90,Frutas,Acuático
Mila166,279,Femenino,65,Pescado,Acuático
Coco54,280,Masculino,160,Carne,Selva
Leo265,281,Femenino,437,Hierba,Selva
Max58,282,Femenino,261,Insectos,Ártico
Bella140,283,Masculino,493,Hierba,Acuático
Rex284,284,Femenino,200,Frutas,Acuático
Rex152,285,Femenino,15,Insectos,Montaña
Leo217,286,Femenino,382,Carne,Granja
Coco245,287,Masculino,289,Frutas,Selva
Rocky250,288,Femenino,453,Vegetales,Montaña
Max131,289,Masculino,352,Carne,Ártico
Simba19,290,Masculino,390,Frutas,Desierto
Bella124,291,Femenino,202,Pescado,Montaña
Rex218,292,Femenino,363,Hierba,Acuático
Leo136,293,Femenino,10,Hierba,Montaña
Rocky135,294,Femenino,213,Hierba,Montaña
Bella229,295,Masculino,105,Frutas,Sabana
Rex222,296,Masculino,7,Carne,Granja
Coco166,297,Femenino,7,Hierba,Montaña
Nala34,298,Femenino,351,Vegetales,Granja
Luna12,299,Masculino,482,Insectos,Ártico
Nala119,300,Masculino,250,Hierba,Granja
Nala36,301,Femenino,344,Insectos,Acuático
Coco214,302,Masculino,263,Vegetales,Selva
Rex23,303,Masculino,410,Hierba,Sabana
Simba267,304,Masculino,487,Hierba,Selva
Nala187,305,Masculino,484,Insectos,Sabana
Rex122,306,Masculino,383,Vegetales,Desierto
Max158,307,Masculino,114,Hierba,Montaña
Rocky285,308,Femenino,337,Carne,Ártico
Nala3,309,Masculino,292,Frutas,Ártico
Max185,310,Masculino,148,Insectos,Acuático
Luna89,311,Femenino,239,Frutas,Montaña
Rex228,312,Masculino,317,Insectos,Ártico
Simba12,313,Masculino,289,Hierba,Selva
Luna74,314,Femenino,285,Insectos,Acuático
Max26,315,Masculino,268,Frutas,Selva
Bella137,316,Femenino,18,Pescado,Montaña
Max39,317,Masculino,294,Hierba,Ártico
Nala129,318,Femenino,447,Carne,Ártico
Mila202,319,Femenino,352,Hierba,Acuático
Rocky3,320,Femenino,193,Carne,Acuático
Coco277,321,Femenino,183,Carne,Selva
Rocky35,322,Masculino,91,Frutas,Desierto
Luna257,323,Masculino,52,Insectos,Acuático
Bella193,324,Masculino,376,Pescado,Granja
Nala162,325,Masculino,450,Hierba,Acuático
Nala183,326,Masculino,400,Insectos,Sabana
Coco168,327,Femenino,430,Frutas,Desierto
Rex226,328,Femenino,279,Frutas,Selva
Rex139,329,Masculino,77,Insectos,Sabana
Bella231,330,Femenino,157,Insectos,Sabana
Max63,331,Femenino,6,Pescado,Granja
Coco85,332,Masculino,274,Hierba,Acuático
Rocky173,333,Masculino,209,Hierba,Ártico
Leo159,334,Masculino,408,Carne,Sabana
Coco140,335,Masculino,368,Frutas,Selva
Max190,336,Femenino,43,Vegetales,Selva
Simba287,337,Femenino,463,Vegetales,Ártico
Leo247,338,Femenino,264,Insectos,Granja
Mila212,339,Masculino,47,Hierba,Sabana
Bella249,340,Masculino,245,Insectos,Granja
Luna236,341,Femenino,477,Vegetales,Acuático
Rex17,342,Masculino,349,Vegetales,Ártico
Bella204,343,Masculino,274,Carne,Sabana
Rex282,344,Masculino,204,Insectos,Selva
Simba49,345,Masculino,62,Vegetales,Ártico
Rocky60,346,Masculino,151,Insectos,Montaña
Rocky286,347,Masculino,442,Vegetales,Montaña
Simba183,348,Femenino,142,Hierba,Selva
Nala272,349,Femenino,436,Hierba,Selva
Mila287,350,Femenino,427,Carne,Ártico
Coco80,351,Femenino,92,Hierba,Granja
Max98,352,Femenino,399,Vegetales,Montaña
Max180,353,Femenino,57,Vegetales,Acuático
Rex30,354,Masculino,341,Insectos,Desierto
Luna88,355,Masculino,323,Carne,Ártico
Rex69,356,Masculino,351,Insectos,Acuático
Simba17,357,Femenino,426,Frutas,Acuático
Leo155,358,Masculino,230,Hierba,Ártico
Leo220,359,Masculino,265,Insectos,Montaña
Rex253,360,Masculino,197,Frutas,Acuático
Leo1,361,Masculino,447,Insectos,Selva
Bella285,362,Femenino,332,Carne,Selva
Coco125,363,Masculino,496,Vegetales,Montaña
Rocky1,364,Masculino,451,Insectos,Montaña
Leo168,365,Masculino,280,Frutas,Acuático
Simba44,366,Femenino,255,Carne,Montaña
Rocky254,367,Femenino,198,Vegetales,Selva
Max97,368,Femenino,293,Hierba,Ártico
Leo160,369,Masculino,147,Frutas,Acuático
Luna267,370,Femenino,281,Vegetales,Granja
Leo214,371,Masculino,447,Pescado,Desierto
Max122,372,Femenino,268,Hierba,Acuático
Rex208,373,Masculino,379,Insectos,Acuático
Mila167,374,Masculino,473,Vegetales,Acuático
Coco9,375,Femenino,337,Hierba,Montaña
Coco169,376,Femenino,137,Insectos,Granja
Luna260,377,Femenino,434,Vegetales,Selva
Bella190,378,Femenino,2,Frutas,Sabana
Luna125,379,Femenino,24,Hierba,Ártico
Bella214,380,Masculino,166,Pescado,Sabana
Mila148,381,Masculino,238,Hierba,Sabana
Mila279,382,Masculino,493,Frutas,Sabana
Max215,383,Masculino,398,Insectos,Montaña
Rocky94,384,Femenino,11,Carne,Montaña
Leo124,385,Femenino,364,Vegetales,Desierto
Rex169,386,Femenino,82,Carne,Selva
Mila135,387,Masculino,373,Carne,Granja
Bella171,388,Masculino,58,Pescado,Acuático
Luna36,389,Masculino,388,Vegetales,Selva
Rex45,390,Masculino,383,Vegetales,Desierto
Luna200,391,Femenino,292,Frutas,Acuático
Rocky93,392,Masculino,343,Frutas,Selva
Bella220,393,Masculino,246,Vegetales,Granja
Rocky67,394,Femenino,46,Vegetales,Ártico
Coco266,395,Masculino,14,Pescado,Granja
Rocky188,396,Masculino,462,Vegetales,Desierto
Coco76,397,Masculino,408,Carne,Sabana
Coco209,398,Femenino,383,Carne,Selva
Leo100,399,Femenino,176,Carne,Granja
Max124,400,Femenino,460,Insectos,Acuático
Luna282,401,Femenino,121,Pescado,Ártico
Leo110,402,Masculino,355,Insectos,Selva
Bella101,403,Masculino,89,Vegetales,Ártico
Rex88,404,Masculino,3,Carne,Sabana
Bella65,405,Masculino,236,Vegetales,Granja
Coco95,406,Masculino,9,Vegetales,Desierto
Rocky168,407,Masculino,233,Hierba,Granja
Nala151,408,Femenino,233,Vegetales,Acuático
Mila241,409,Femenino,2,Insectos,Acuático
Nala207,410,Femenino,374,Pescado,Acuático
Nala206,411,Femenino,59,Hierba,Desierto
Rex71,412,Femenino,99,Carne,Acuático
Rocky247,413,Masculino,226,Hierba,Selva
Rocky5,414,Femenino,435,Pescado,Granja
Coco31,415,Femenino,371,Insectos,Acuático
Mila122,416,Masculino,87,Hierba,Montaña
Rex8,417,Masculino,274,Hierba,Sabana
Bella28,418,Masculino,299,Pescado,Sabana
Mila51,419,Masculino,426,Hierba,Montaña
Rocky28,420,Femenino,113,Vegetales,Ártico
Leo231,421,Femenino,110,Carne,Montaña
Nala247,422,Femenino,74,Carne,Selva
Rocky41,423,Masculino,216,Frutas,Sabana
Leo226,424,Femenino,189,Carne,Granja
Rocky102,425,Masculino,465,Pescado,Selva
Luna281,426,Masculino,249,Carne,Granja
Max256,427,Masculino,281,Pescado,Granja
Mila114,428,Masculino,224,Carne,Selva
Max254,429,Masculino,412,Frutas,Selva
Mila12,430,Femenino,215,Vegetales,Selva
Max234,431,Femenino,464,Pescado,Ártico
Simba83,432,Masculino,162,Insectos,Acuático
Nala8,433,Femenino,341,Pescado,Desierto
Luna39,434,Femenino,96,Carne,Ártico
Luna287,435,Femenino,143,Insectos,Acuático
Rocky46,436,Masculino,322,Vegetales,Acuático
Coco70,437,Masculino,129,Carne,Desierto
Rex160,438,Masculino,273,Frutas,Desierto
Max31,439,Masculino,399,Carne,Sabana
Nala169,440,Femenino,45,Carne,Desierto
Rex277,441,Masculino,63,Vegetales,Desierto
Leo142,442,Masculino,371,Insectos,Granja
Simba216,443,Masculino,96,Hierba,Ártico
Rex188,444,Femenino,220,Vegetales,Ártico
Rocky96,445,Femenino,339,Hierba,Selva
Simba159,446,Masculino,253,Insectos,Selva
Luna177,447,Masculino,458,Carne,Sabana
Simba98,448,Femenino,420,Frutas,Desierto
Mila254,449,Masculino,452,Frutas,Sabana
Luna238,450,Masculino,122,Hierba,Montaña
Bella76,451,Masculino,438,Vegetales,Montaña
Max60,452,Femenino,20,Carne,Desierto
Luna139,453,Femenino,230,Hierba,Montaña
Coco224,454,Femenino,387,Frutas,Acuático
Mila95,455,Femenino,401,Pescado,Desierto
Leo120,456,Masculino,496,Carne,Selva
Max16,457,Femenino,454,Carne,Acuático
Max253,458,Femenino,421,Carne,Desierto
Rex66,459,Femenino,393,Hierba,Montaña
Mila84,460,Masculino,283,Insectos,Desierto
Simba166,461,Femenino,424,Pescado,Sabana
Leo77,462,Femenino,267,Frutas,Montaña
Nala7,463,Masculino,27,Carne,Desierto
Rocky21,464,Masculino,230,Carne,Acuático
Bella91,465,Masculino,160,Pescado,Selva
Rocky27,466,Masculino,153,Vegetales,Granja
Leo272,467,Femenino,345,Insectos,Granja
Bella210,468,Femenino,354,Pescado,Sabana
Mila66,469,Femenino,177,Hierba,Montaña
Simba46,470,Femenino,437,Vegetales,Ártico
Bella11,471,Femenino,320,Insectos,Granja
Luna48,472,Masculino,136,Frutas,Desierto
Mila230,473,Femenino,499,Insectos,Acuático
Bella84,474,Masculino,498,Hierba,Acuático
Coco11,475,Masculino,89,Hierba,Granja
Nala253,476,Femenino,385,Vegetales,Montaña
Mila286,477,Masculino,272,Insectos,Ártico
Rocky157,478,Masculino,28,Frutas,Montaña
Mila144,479,Masculino,259,Frutas,Desierto
Simba24,480,Femenino,375,Insectos,Selva
Bella153,481,Masculino,2,Pescado,Montaña
Bella123,482,Masculino,240,Vegetales,Acuático
Nala15,483,Femenino,445,Carne,Desierto
Mila132,484,Femenino,97,Pescado,Montaña
Mila129,485,Masculino,240,Insectos,Acuático
Leo179,486,Masculino,82,Pescado,Selva
Coco256,487,Masculino,455,Frutas,Selva
Max57,488,Masculino,475,Frutas,Selva
Mila151,489,Femenino,379,Hierba,Sabana
Nala262,490,Femenino,342,Insectos,Selva
Rocky229,491,Masculino,441,Pescado,Acuático
Bella86,492,Femenino,483,Pescado,Acuático
Mila107,493,Masculino,126,Frutas,Sabana
Leo75,494,Masculino,102,Pescado,Montaña
Mila116,495,Masculino,54,Carne,Selva
Coco203,496,Femenino,221,Insectos,Acuático
Rocky25,497,Femenino,491,Pescado,Granja
Nala251,498,Masculino,321,Carne,Ártico
Simba13,499,Masculino,337,Vegetales,Ártico
Rocky240,500,Masculino,446,Insectos,Desierto
Coco259,501,Masculino,67,Insectos,Selva
Leo202,502,Masculino,182,Insectos,Desierto
Simba176,503,Femenino,332,Pescado,Selva
Max220,504,Femenino,364,Insectos,Acuático
Nala273,505,Masculino,231,Frutas,Ártico
Coco270,506,Masculino,55,Pescado,Ártico
Mila143,507,Femenino,203,Vegetales,Granja
Leo92,508,Masculino,25,Insectos,Selva
Bella247,509,Femenino,225,Frutas,Ártico
Simba35,510,Femenino,250,Frutas,Sabana
Nala244,511,Femenino,404,Carne,Granja
Simba85,512,Masculino,478,Vegetales,Montaña
Coco33,513,Masculino,36,Pescado,Desierto
Rex223,514,Femenino,56,Frutas,Montaña
Rocky158,515,Masculino,110,Vegetales,Montaña
Simba132,516,Masculino,22,Vegetales,Granja
Rocky197,517,Femenino,288,Pescado,Montaña
Mila247,518,Masculino,407,Carne,Ártico
Luna197,519,Femenino,402,Hierba,Sabana
Max79,520,Femenino,141,Frutas,Desierto
Coco16,521,Femenino,430,Insectos,Desierto
Leo20,522,Masculino,115,Frutas,Montaña
Rocky167,523,Femenino,199,Pescado,Granja
Rocky264,524,Femenino,248,Vegetales,Sabana
Leo70,525,Masculino,124,Vegetales,Acuático
Luna5,526,Femenino,259,Vegetales,Sabana
Rex171,527,Femenino,341,Carne,Desierto
Leo208,528,Femenino,155,Pescado,Granja
Max70,529,Masculino,100,Pescado,Acuático
Max17,530,Femenino,77,Insectos,Ártico
Luna266,531,Femenino,5,Insectos,Ártico
Max285,532,Masculino,456,Hierba,Desierto
Bella24,533,Masculino,358,Pescado,Desierto
Leo125,534,Femenino,226,Carne,Granja
Rocky39,535,Femenino,359,Frutas,Ártico
Leo241,536,Masculino,189,Vegetales,Desierto
Mila88,537,Masculino,43,Frutas,Sabana
Rex215,538,Masculino,239,Vegetales,Montaña
Nala110,539,Femenino,458,Insectos,Ártico
Coco131,540,Femenino,236,Pescado,Acuático
Coco178,541,Femenino,248,Vegetales,Granja
Leo262,542,Femenino,116,Vegetales,Ártico
Rex271,543,Masculino,220,Hierba,Selva
Coco137,544,Femenino,270,Frutas,Desierto
Luna15,545,Femenino,8,Vegetales,Desierto
Coco133,546,Masculino,185,Pescado,Selva
Mila70,547,Femenino,395,Pescado,Sabana
Mila299,548,Masculino,427,Hierba,Ártico
Rex179,549,Femenino,30,Insectos,Acuático
Coco227,550,Masculino,56,Carne,Ártico
Simba14,551,Masculino,360,Hierba,Ártico
Luna40,552,Femenino,472,Hierba,Granja
Mila223,553,Femenino,46,Vegetales,Desierto
Nala50,554,Femenino,10,Hierba,Acuático
Rocky100,555,Femenino,177,Insectos,Sabana
Bella169,556,Masculino,270,Vegetales,Acuático
Luna219,557,Femenino,310,Insectos,Granja
Simba103,558,Masculino,455,Insectos,Acuático
Nala295,559,Masculino,43,Pescado,Selva
Nala193,560,Masculino,282,Hierba,Montaña
Coco4,561,Masculino,165,Carne,Selva
Leo181,562,Femenino,489,Insectos,Acuático
Leo60,563,Femenino,122,Frutas,Granja
Rex207,564,Femenino,170,Pescado,Ártico
Bella184,565,Femenino,41,Hierba,Selva
Rocky18,566,Masculino,184,Pescado,Acuático
Simba109,567,Masculino,361,Carne,Granja
Coco12,568,Femenino,319,Pescado,Desierto
Mila115,569,Masculino,320,Hierba,Montaña
Coco262,570,Femenino,54,Hierba,Sabana
Coco15,571,Femenino,290,Carne,Montaña
Coco92,572,Femenino,71,Insectos,Desierto
Bella284,573,Masculino,371,Insectos,Desierto
Coco22,574,Femenino,462,Vegetales,Desierto
Luna27,575,Femenino,496,Carne,Sabana
Simba90,576,Femenino,420,Hierba,Granja
Bella216,577,Masculino,184,Hierba,Desierto
Leo63,578,Femenino,456,Frutas,Sabana
Bella93,579,Femenino,480,Insectos,Selva
Rocky33,580,Masculino,200,Vegetales,Selva
Nala237,581,Masculino,456,Hierba,Desierto
Nala67,582,Femenino,383,Frutas,Montaña
Bella288,583,Masculino,315,Pescado,Selva
Leo129,584,Femenino,465,Carne,Sabana
Coco41,585,Femenino,1,Carne,Acuático
Luna255,586,Femenino,188,Frutas,Desierto
Mila211,587,Femenino,49,Insectos,Montaña
Luna43,588,Femenino,319,Hierba,Selva
Max66,589,Femenino,318,Carne,Acuático
Max139,590,Femenino,481,Carne,Desierto
Max192,591,Femenino,120,Vegetales,Acuático
Max56,592,Femenino,175,Carne,Ártico
Max221,593,Femenino,206,Frutas,Desierto
Luna235,594,Masculino,36,Carne,Ártico
Nala266,595,Femenino,110,Hierba,Acuático
Max152,596,Femenino,10,Pescado,Ártico
Coco230,597,Femenino,134,Pescado,Desierto
Coco157,598,Femenino,148,Carne,Desierto
Max22,599,Masculino,223,Insectos,Desierto
Simba226,600,Masculino,40,Pescado,Desierto
Rex257,601,Masculino,34,Frutas,Granja
Simba61,602,Masculino,226,Hierba,Selva
Leo278,603,Masculino,464,Carne,Acuático
Mila110,604,Masculino,66,Hierba,Sabana
Max193,605,Femenino,190,Vegetales,Ártico
Bella180,606,Masculino,454,Insectos,Granja
Max2,607,Masculino,435,Pescado,Selva
Max45,608,Masculino,224,Vegetales,Selva
Rex291,609,Femenino,42,Frutas,Acuático
Mila6,610,Masculino,211,Frutas,Sabana
Luna3,611,Masculino,356,Vegetales,Acuático
Luna299,612,Masculino,165,Pescado,Granja
Nala9,613,Masculino,340,Vegetales,Sabana
Bella237,614,Femenino,487,Frutas,Acuático
Rocky50,615,Femenino,202,Insectos,Granja
Nala147,616,Femenino,436,Frutas,Ártico
Simba257,617,Masculino,80,Hierba,Ártico
Coco67,618,Masculino,216,Frutas,Ártico
Max9,619,Masculino,238,Hierba,Selva
Rocky227,620,Masculino,406,Carne,Granja
Luna227,621,Femenino,219,Pescado,Selva
Rocky161,622,Masculino,221,Hierba,Selva
Rex62,623,Masculino,311,Carne,Acuático
Rex97,624,Masculino,494,Hierba,Selva
Simba91,625,Masculino,21,Carne,Ártico
Mila191,626,Masculino,416,Pescado,Sabana
Max277,627,Masculino,289,Insectos,Granja
Rocky265,628,Masculino,377,Vegetales,Desierto
Simba59,629,Femenino,47,Carne,Sabana
Max43,630,Masculino,476,Pescado,Sabana
Simba170,631,Masculino,484,Frutas,Sabana
Mila22,632,Femenino,42,Insectos,Selva
Nala186,633,Femenino,480,Hierba,Ártico
Leo279,634,Femenino,460,Carne,Selva
Mila61,635,Femenino,104,Vegetales,Selva
Coco141,636,Masculino,284,Frutas,Ártico
Rocky159,637,Femenino,355,Frutas,Acuático
Leo34,638,Masculino,193,Carne,Sabana
Max53,639,Femenino,334,Hierba,Granja
Max50,640,Masculino,356,Insectos,Ártico
Coco120,641,Masculino,38,Insectos,Acuático
Max242,642,Masculino,152,Frutas,Granja
Rex261,643,Masculino,163,Pescado,Granja
Leo54,644,Masculino,462,Frutas,Acuático
Mila226,645,Masculino,499,Pescado,Ártico
Nala22,646,Masculino,498,Frutas,Desierto
Bella191,647,Femenino,219,Carne,Granja
Luna64,648,Femenino,213,Frutas,Montaña
Luna7,649,Masculino,219,Carne,Desierto
Bella236,650,Femenino,397,Vegetales,Desierto
Luna233,651,Femenino,317,Carne,Montaña
Mila155,652,Masculino,461,Hierba,Sabana
Simba88,653,Masculino,158,Vegetales,Granja
Rocky137,654,Masculino,375,Frutas,Selva
Nala104,655,Femenino,29,Insectos,Sabana
Rocky4,656,Masculino,285,Pescado,Granja
Leo224,657,Femenino,295,Carne,Selva
Nala2,658,Femenino,455,Insectos,Selva
Leo230,659,Femenino,287,Frutas,Desierto
Nala42,660,Femenino,112,Carne,Sabana
Nala20,661,Femenino,167,Hierba,Ártico
Rocky239,662,Femenino,83,Frutas,Montaña
Bella178,663,Femenino,39,Pescado,Sabana
Simba30,664,Masculino,122,Insectos,Ártico
Max54,665,Femenino,124,Frutas,Ártico
Bella258,666,Masculino,34,Hierba,Desierto
Luna285,667,Femenino,77,Pescado,Acuático
Max34,668,Masculino,112,Carne,Acuático
Mila175,669,Femenino,50,Pescado,Selva
Rocky216,670,Masculino,134,Carne,Acuático
Simba240,671,Femenino,26,Vegetales,Ártico
Bella195,672,Masculino,434,Vegetales,Selva
Coco210,673,Masculino,302,Insectos,Selva
Max252,674,Masculino,200,Hierba,Ártico
Rex18,675,Masculino,309,Vegetales,Montaña
Bella1,676,Masculino,231,Pescado,Desierto
Bella300,677,Femenino,408,Pescado,Selva
Rocky297,678,Masculino,160,Vegetales,Granja
Rocky58,679,Masculino,1,Insectos,Desierto
Mila78,680,Masculino,362,Carne,Desierto
Bella95,681,Femenino,227,Pescado,Acuático
Coco172,682,Femenino,72,Frutas,Selva
Luna184,683,Femenino,79,Pescado,Sabana
Rex44,684,Femenino,198,Frutas,Ártico
Simba251,685,Masculino,386,Pescado,Selva
Simba110,686,Masculino,461,Hierba,Sabana
Rocky296,687,Masculino,146,Insectos,Montaña
Bella89,688,Femenino,362,Hierba,Montaña
Simba45,689,Masculino,175,Pescado,Sabana
Max24,690,Femenino,163,Carne,Ártico
Bella116,691,Masculino,395,Vegetales,Selva
Simba76,692,Masculino,405,Vegetales,Granja
Mila32,693,Masculino,67,Hierba,Desierto
Rex177,694,Femenino,271,Frutas,Desierto
Nala252,695,Femenino,142,Vegetales,Acuático
Mila196,696,Masculino,327,Carne,Selva
Max150,697,Femenino,401,Frutas,Ártico
Luna269,698,Femenino,243,Carne,Montaña
Rex126,699,Masculino,143,Carne,Montaña
Coco34,700,Femenino,91,Pescado,Sabana
Luna202,701,Masculino,41,Vegetales,Desierto
Nala213,702,Masculino,473,Frutas,Granja
Leo174,703,Masculino,497,Carne,Desierto
Leo128,704,Femenino,445,Carne,Granja
Bella73,705,Masculino,490,Insectos,Acuático
Rex73,706,Femenino,76,Vegetales,Desierto
Coco53,707,Masculino,43,Pescado,Montaña
Bella82,708,Femenino,331,Carne,Sabana
Luna140,709,Masculino,364,Frutas,Desierto
Mila275,710,Masculino,455,Hierba,Montaña
Mila158,711,Masculino,428,Carne,Montaña
Simba162,712,Femenino,23,Hierba,Ártico
Mila181,713,Masculino,326,Carne,Acuático
Bella186,714,Femenino,432,Pescado,Ártico
Simba54,715,Masculino,230,Vegetales,Ártico
Bella277,716,Masculino,384,Vegetales,Montaña
Leo273,717,Masculino,297,Hierba,Ártico
Mila111,718,Femenino,66,Vegetales,Desierto
Max243,719,Masculino,490,Hierba,Acuático
Nala281,720,Masculino,389,Frutas,Montaña
Max72,721,Femenino,220,Hierba,Granja
Leo280,722,Femenino,352,Hierba,Desierto
Coco37,723,Femenino,460,Pescado,Ártico
Rocky119,724,Femenino,407,Frutas,Sabana
Luna30,725,Masculino,496,Frutas,Granja
Simba241,726,Femenino,350,Hierba,Desierto
Nala278,727,Masculino,61,Insectos,Montaña
Coco114,728,Femenino,177,Vegetales,Ártico
Rocky147,729,Masculino,140,Insectos,Montaña
Simba242,730,Femenino,213,Hierba,Selva
Coco272,731,Masculino,131,Pescado,Desierto
Leo85,732,Femenino,24,Insectos,Desierto
Max116,733,Femenino,399,Hierba,Ártico
Leo267,734,Masculino,198,Carne,Selva
Simba281,735,Femenino,212,Vegetales,Acuático
Bella143,736,Masculino,444,Hierba,Selva
Rocky139,737,Masculino,22,Pescado,Ártico
Nala6,738,Masculino,248,Pescado,Sabana
Mila177,739,Femenino,483,Vegetales,Desierto
Simba284,740,Femenino,139,Insectos,Sabana
Coco160,741,Masculino,11,Insectos,Selva
Mila19,742,Masculino,345,Vegetales,Acuático
Max189,743,Femenino,117,Insectos,Selva
Simba16,744,Masculino,197,Insectos,Selva
Rex194,745,Femenino,239,Insectos,Montaña
Luna11,746,Masculino,151,Insectos,Montaña
Coco25,747,Femenino,484,Vegetales,Montaña
Rex230,748,Femenino,83,Vegetales,Desierto
Mila187,749,Masculino,294,Vegetales,Ártico
Mila118,750,Masculino,163,Frutas,Acuático
Mila269,751,Masculino,420,Insectos,Montaña
Mila18,752,Femenino,398,Insectos,Acuático
Simba273,753,Masculino,280,Vegetales,Granja
Bella44,754,Femenino,190,Frutas,Acuático
Leo260,755,Femenino,103,Frutas,Ártico
Simba80,756,Femenino,341,Frutas,Granja
Max8,757,Femenino,368,Hierba,Desierto
Coco188,758,Masculino,277,Pescado,Ártico
Luna37,759,Masculino,59,Carne,Sabana
Nala124,760,Masculino,235,Hierba,Acuático
Bella55,761,Masculino,324,Insectos,Selva
Coco153,762,Masculino,244,Vegetales,Granja
Rocky151,763,Masculino,174,Hierba,Acuático
Coco50,764,Femenino,93,Frutas,Granja
Rocky55,765,Masculino,347,Insectos,Granja
Luna103,766,Femenino,310,Insectos,Montaña
Leo36,767,Femenino,48,Hierba,Sabana
Max227,768,Masculino,150,Insectos,Montaña
Coco154,769,Masculino,158,Frutas,Ártico
Rocky65,770,Femenino,369,Pescado,Desierto
Rex36,771,Masculino,387,Insectos,Acuático
Luna56,772,Femenino,98,Insectos,Sabana
Simba248,773,Masculino,264,Carne,Desierto
Rocky17,774,Femenino,425,Pescado,Desierto
Mila240,775,Femenino,209,Pescado,Sabana
Simba77,776,Masculino,422,Hierba,Selva
Nala122,777,Femenino,401,Carne,Desierto
Simba96,778,Femenino,219,Frutas,Granja
Leo225,779,Femenino,172,Pescado,Ártico
Max219,780,Masculino,413,Frutas,Ártico
Bella208,781,Femenino,29,Hierba,Montaña
Mila157,782,Femenino,123,Frutas,Ártico
Simba28,783,Masculino,122,Pescado,Desierto
Rocky47,784,Femenino,65,Hierba,Ártico
Leo145,785,Femenino,101,Pescado,Montaña
Nala128,786,Masculino,455,Vegetales,Desierto
Coco111,787,Masculino,231,Carne,Sabana
Simba142,788,Femenino,15,Carne,Granja
Max84,789,Femenino,338,Frutas,Sabana
Rex53,790,Femenino,227,Hierba,Selva
Nala101,791,Masculino,62,Pescado,Desierto
Coco82,792,Masculino,318,Frutas,Montaña
Max247,793,Masculino,19,Carne,Acuático
Coco201,794,Masculino,377,Vegetales,Sabana
Mila92,795,Femenino,5,Frutas,Sabana
Bella10,796,Femenino,191,Insectos,Montaña
Max273,797,Femenino,13,Hierba,Sabana
Bella281,798,Femenino,320,Hierba,Ártico
Luna83,799,Femenino,4,Vegetales,Desierto
Luna102,800,Masculino,346,Pescado,Selva
Rocky219,801,Femenino,53,Carne,Selva
Rex164,802,Femenino,373,Pescado,Granja
Mila244,803,Femenino,157,Insectos,Sabana
Mila216,804,Femenino,136,Pescado,Granja
Max208,805,Femenino,299,Insectos,Desierto
Nala188,806,Femenino,140,Insectos,Selva
Coco55,807,Femenino,467,Hierba,Selva
Rocky77,808,Femenino,37,Insectos,Ártico
Luna170,809,Femenino,30,Insectos,Acuático
Mila130,810,Masculino,370,Frutas,Selva
Bella245,811,Masculino,108,Frutas,Desierto
Luna192,812,Femenino,433,Carne,Sabana
Rocky70,813,Masculino,313,Frutas,Desierto
Rocky275,814,Masculino,238,Pescado,Acuático
Bella34,815,Masculino,403,Pescado,Acuático
Max37,816,Femenino,3,Hierba,Ártico
Max129,817,Masculino,33,Vegetales,Montaña
Max86,818,Masculino,57,Pescado,Desierto
Coco161,819,Masculino,290,Hierba,Desierto
Coco246,820,Masculino,164,Pescado,Selva
Rex142,821,Femenino,88,Vegetales,Acuático
Coco244,822,Femenino,317,Insectos,Sabana
Bella29,823,Masculino,394,Hierba,Desierto
Bella133,824,Masculino,499,Frutas,Montaña
Mila82,825,Masculino,7,Pescado,Granja
Simba246,826,Femenino,62,Insectos,Selva
Rex298,827,Femenino,16,Carne,Acuático
Leo93,828,Masculino,450,Carne,Ártico
Mila112,829,Masculino,373,Pescado,Desierto
Mila54,830,Femenino,436,Carne,Granja
Luna137,831,Masculino,422,Carne,Acuático
Rocky15,832,Masculino,110,Insectos,Selva
Rex46,833,Masculino,65,Pescado,Sabana
Simba153,834,Femenino,33,Pescado,Sabana
Coco124,835,Masculino,447,Pescado,Ártico
Nala282,836,Femenino,80,Carne,Desierto
Coco148,837,Femenino,223,Pescado,Granja
Simba105,838,Femenino,127,Insectos,Acuático
Leo96,839,Masculino,470,Frutas,Acuático
Rex115,840,Femenino,65,Pescado,Granja
Simba126,841,Masculino,56,Vegetales,Desierto
Max196,842,Masculino,40,Hierba,Selva
Luna262,843,Femenino,370,Insectos,Montaña
Bella294,844,Femenino,414,Insectos,Ártico
Leo97,845,Masculino,177,Carne,Ártico
Rex234,846,Femenino,235,Hierba,Selva
Coco66,847,Femenino,109,Insectos,Montaña
Leo50,848,Masculino,463,Insectos,Desierto
Nala158,849,Masculino,88,Vegetales,Selva
Nala49,850,Masculino,83,Pescado,Desierto
Rocky241,851,Masculino,142,Pescado,Ártico
Coco144,852,Masculino,483,Vegetales,Ártico
Nala293,853,Masculino,270,Carne,Sabana
Max68,854,Masculino,456,Insectos,Acuático
Bella125,855,Femenino,412,Hierba,Montaña
Simba143,856,Femenino,452,Pescado,Sabana
Nala264,857,Femenino,434,Vegetales,Granja
Coco100,858,Masculino,108,Carne,Acuático
Luna61,859,Masculino,129,Pescado,Acuático
Coco284,860,Femenino,90,Hierba,Selva
Bella189,861,Femenino,230,Carne,Granja
Bella235,862,Femenino,408,Vegetales,Acuático
Mila125,863,Masculino,323,Carne,Ártico
Leo172,864,Femenino,138,Hierba,Selva
Luna215,865,Femenino,334,Vegetales,Ártico
Rex107,866,Masculino,221,Carne,Acuático
Coco181,867,Femenino,447,Frutas,Selva
Max255,868,Masculino,144,Vegetales,Ártico
Coco234,869,Femenino,123,Insectos,Acuático
Rex186,870,Masculino,165,Pescado,Montaña
Leo46,871,Femenino,255,Vegetales,Montaña
Bella113,872,Femenino,291,Carne,Selva
Leo53,873,Masculino,110,Pescado,Ártico
Rocky237,874,Femenino,267,Hierba,Acuático
Mila117,875,Masculino,249,Carne,Selva
Nala283,876,Femenino,429,Insectos,Ártico
Coco194,877,Femenino,404,Vegetales,Montaña
Simba190,878,Masculino,57,Frutas,Desierto
Mila168,879,Masculino,78,Frutas,Montaña
Simba289,880,Masculino,216,Frutas,Desierto
Max187,881,Masculino,234,Carne,Desierto
Rocky299,882,Masculino,8,Carne,Montaña
Leo139,883,Masculino,440,Insectos,Granja
Rex120,884,Femenino,364,Insectos,Selva
Simba56,885,Masculino,86,Insectos,Montaña
Rex241,886,Femenino,346,Carne,Granja
Luna156,887,Masculino,272,Insectos,Desierto
Rex205,888,Masculino,228,Hierba,Granja
Max237,889,Femenino,322,Vegetales,Sabana
Nala64,890,Masculino,326,Pescado,Sabana
Bella60,891,Femenino,427,Frutas,Acuático
Mila185,892,Masculino,145,Frutas,Ártico
Bella138,893,Femenino,494,Carne,Ártico
Leo102,894,Masculino,413,Hierba,Granja
Rex50,895,Masculino,200,Vegetales,Sabana
Nala72,896,Femenino,156,Insectos,Acuático
Bella149,897,Femenino,380,Vegetales,Ártico
Rex272,898,Masculino,64,Pescado,Acuático
Nala123,899,Masculino,112,Carne,Selva
Nala222,900,Femenino,245,Frutas,Montaña
Rocky140,901,Masculino,339,Frutas,Acuático
Leo259,902,Masculino,451,Frutas,Granja
Max126,903,Masculino,225,Hierba,Desierto
Luna157,904,Masculino,414,Pescado,Acuático
Bella72,905,Femenino,380,Frutas,Acuático
Coco211,906,Femenino,358,Carne,Sabana
Luna289,907,Femenino,246,Insectos,Desierto
Rex196,908,Masculino,439,Vegetales,Selva
Bella51,909,Femenino,248,Carne,Selva
Coco19,910,Masculino,88,Carne,Acuático
Rex117,911,Femenino,248,Insectos,Desierto
Coco225,912,Masculino,338,Pescado,Sabana
Nala60,913,Femenino,425,Hierba,Acuático
Nala43,914,Masculino,87,Vegetales,Selva
Rocky224,915,Masculino,280,Carne,Desierto
Simba177,916,Masculino,149,Hierba,Montaña
Mila210,917,Masculino,57,Hierba,Sabana
Coco102,918,Femenino,371,Hierba,Sabana
Luna222,919,Masculino,138,Insectos,Granja
Coco298,920,Femenino,89,Frutas,Ártico
Max62,921,Masculino,255,Frutas,Acuático
Coco177,922,Masculino,384,Insectos,Acuático
Mila220,923,Femenino,202,Hierba,Montaña
Nala176,924,Masculino,254,Pescado,Selva
Leo83,925,Masculino,272,Pescado,Sabana
Rocky66,926,Femenino,315,Carne,Desierto
Leo8,927,Masculino,204,Vegetales,Sabana
Leo89,928,Masculino,85,Carne,Sabana
Leo161,929,Femenino,479,Insectos,Acuático
Bella2,930,Femenino,255,Carne,Acuático
Mila242,931,Femenino,474,Pescado,Selva
Luna141,932,Femenino,466,Frutas,Ártico
Max132,933,Femenino,134,Vegetales,Desierto
Nala270,934,Femenino,291,Vegetales,Montaña
Mila134,935,Masculino,439,Hierba,Selva
Rex80,936,Masculino,112,Hierba,Acuático
Bella58,937,Masculino,365,Carne,Desierto
Coco118,938,Femenino,418,Hierba,Selva
Leo119,939,Femenino,219,Hierba,Sabana
Mila295,940,Femenino,286,Pescado,Ártico
Leo295,941,Masculino,57,Frutas,Montaña
Coco249,942,Femenino,17,Carne,Granja
Mila267,943,Femenino,123,Hierba,Selva
Nala91,944,Femenino,139,Pescado,Selva
Max128,945,Masculino,345,Hierba,Montaña
Luna203,946,Femenino,495,Pescado,Sabana
Simba140,947,Femenino,266,Frutas,Desierto
Leo101,948,Masculino,403,Vegetales,Montaña
Nala225,949,Masculino,377,Hierba,Selva
Rocky108,950,Femenino,334,Pescado,Sabana
Nala157,951,Masculino,430,Frutas,Montaña
Max94,952,Femenino,329,Vegetales,Sabana
Leo106,953,Masculino,213,Vegetales,Ártico
Rocky78,954,Femenino,46,Carne,Sabana
Nala261,955,Femenino,130,Hierba,Granja
Nala28,956,Femenino,279,Hierba,Desierto
Nala168,957,Femenino,211,Vegetales,Ártico
Rex156,958,Femenino,335,Pescado,Selva
Coco212,959,Femenino,445,Insectos,Selva
Bella242,960,Masculino,350,Vegetales,Desierto
Mila207,961,Femenino,63,Insectos,Sabana
Mila179,962,Femenino,457,Hierba,Acuático
Rocky269,963,Masculino,432,Carne,Ártico
Bella139,964,Femenino,225,Insectos,Sabana
Luna242,965,Femenino,146,Frutas,Granja
Rex283,966,Masculino,141,Hierba,Acuático
Luna164,967,Femenino,148,Vegetales,Selva
Leo17,968,Masculino,216,Pescado,Selva
Bella14,969,Femenino,406,Hierba,Acuático
Max100,970,Femenino,434,Vegetales,Desierto
Coco32,971,Masculino,144,Hierba,Desierto
Simba124,972,Masculino,343,Insectos,Acuático
Max184,973,Femenino,282,Hierba,Acuático
Simba63,974,Masculino,459,Carne,Selva
Bella163,975,Femenino,244,Hierba,Sabana
Bella41,976,Masculino,280,Hierba,Desierto
Leo254,977,Femenino,407,Insectos,Desierto
Nala138,978,Masculino,232,Carne,Ártico
Nala153,979,Femenino,78,Frutas,Ártico
Bella161,980,Femenino,182,Pescado,Acuático
Rocky36,981,Masculino,87,Hierba,Ártico
Nala221,982,Femenino,184,Pescado,Desierto
Leo175,983,Masculino,128,Frutas,Sabana
Rocky146,984,Femenino,46,Hierba,Montaña
Mila232,985,Masculino,396,Carne,Montaña
Coco49,986,Masculino,231,Vegetales,Desierto
Bella112,987,Masculino,261,Hierba,Montaña
Max121,988,Femenino,466,Insectos,Granja
Max292,989,Masculino,6,Insectos,Sabana
Max106,990,Masculino,212,Insectos,Granja
Mila46,991,Masculino,165,Frutas,Sabana
Rocky221,992,Femenino,45,Vegetales,Ártico
Coco73,993,Masculino,259,Carne,Desierto
Mila79,994,Femenino,22,Frutas,Sabana
Bella287,995,Femenino,398,Vegetales,Selva
Nala192,996,Femenino,88,Frutas,Montaña
Rex108,997,Femenino,254,Pescado,Granja
Simba72,998,Femenino,284,Insectos,Granja
Simba195,999,Femenino,127,Carne,Sabana
Nala243,1000,Masculino,448,Vegetales,Sabana
Mila27,1001,Masculino,468,Pescado,Acuático
Rocky281,1002,Masculino,40,Frutas,Sabana
Rex286,1003,Masculino,352,Frutas,Desierto
Nala145,1004,Masculino,13,Hierba,Ártico
Bella246,1005,Femenino,344,Carne,Montaña
Nala96,1006,Femenino,13,Hierba,Selva
Leo215,1007,Masculino,280,Carne,Montaña
Max229,1008,Masculino,175,Hierba,Selva
Rocky105,1009,Femenino,101,Vegetales,Sabana
Leo82,1010,Femenino,236,Hierba,Selva
Mila73,1011,Masculino,84,Carne,Granja
Simba187,1012,Femenino,128,Insectos,Montaña
Leo37,1013,Masculino,69,Carne,Desierto
Leo27,1014,Masculino,423,Pescado,Acuático
Rocky249,1015,Femenino,369,Insectos,Acuático
Mila255,1016,Masculino,279,Insectos,Desierto
Mila276,1017,Masculino,362,Carne,Granja
Rocky125,1018,Masculino,94,Insectos,Ártico
Leo21,1019,Masculino,23,Carne,Ártico
Rocky97,1020,Femenino,7,Pescado,Ártico
Nala139,1021,Masculino,169,Carne,Ártico
Simba151,1022,Masculino,37,Pescado,Sabana
Bella6,1023,Masculino,35,Hierba,Desierto
Rex51,1024,Femenino,43,Vegetales,Selva
Max153,1025,Femenino,204,Hierba,Montaña
Rex81,1026,Femenino,486,Carne,Selva
Rocky83,1027,Masculino,475,Insectos,Selva
Mila183,1028,Femenino,420,Vegetales,Selva
Rocky290,1029,Femenino,199,Pescado,Selva
Rex244,1030,Masculino,261,Frutas,Ártico
Leo105,1031,Masculino,94,Insectos,Ártico
Mila121,1032,Femenino,451,Insectos,Selva
Bella30,1033,Masculino,52,Insectos,Ártico
Mila189,1034,Masculino,153,Frutas,Selva
Max188,1035,Masculino,204,Vegetales,Selva
Simba244,1036,Masculino,16,Pescado,Selva
Rocky74,1037,Femenino,448,Frutas,Selva
Leo7,1038,Masculino,146,Pescado,Ártico
Rex292,1039,Femenino,71,Pescado,Selva
Max260,1040,Femenino,85,Vegetales,Sabana
Bella185,1041,Femenino,108,Hierba,Granja
Nala63,1042,Masculino,128,Pescado,Selva
Simba119,1043,Masculino,351,Hierba,Ártico
Rex197,1044,Femenino,219,Frutas,Granja
Nala286,1045,Femenino,55,Pescado,Granja
Luna119,1046,Masculino,375,Insectos,Desierto
Bella255,1047,Masculino,249,Frutas,Granja
Mila256,1048,Femenino,88,Hierba,Acuático
Coco192,1049,Femenino,93,Carne,Selva
Rex94,1050,Masculino,77,Carne,Desierto
Bella227,1051,Femenino,349,Frutas,Granja
Mila263,1052,Masculino,491,Hierba,Sabana
Rex168,1053,Masculino,175,Vegetales,Sabana
Mila173,1054,Masculino,176,Frutas,Ártico
Mila273,1055,Femenino,137,Pescado,Selva
Rocky51,1056,Masculino,263,Insectos,Montaña
Coco136,1057,Masculino,167,Vegetales,Desierto
Coco191,1058,Masculino,447,Insectos,Desierto
Max13,1059,Masculino,278,Carne,Acuático
Luna129,1060,Femenino,274,Pescado,Ártico
Nala166,1061,Masculino,379,Insectos,Granja
Luna173,1062,Femenino,309,Frutas,Desierto
Rocky295,1063,Femenino,440,Insectos,Montaña
Rex33,1064,Femenino,276,Insectos,Selva
Rocky82,1065,Femenino,326,Carne,Granja
Bella173,1066,Femenino,120,Hierba,Ártico
Bella81,1067,Masculino,429,Hierba,Granja
Rocky208,1068,Femenino,205,Carne,Selva
Max165,1069,Femenino,134,Pescado,Ártico
Leo213,1070,Femenino,274,Frutas,Selva
Simba174,1071,Femenino,141,Hierba,Desierto
Coco276,1072,Femenino,311,Hierba,Sabana
Rex113,1073,Femenino,485,Insectos,Granja
Mila96,1074,Femenino,399,Carne,Acuático
Nala181,1075,Femenino,402,Vegetales,Selva
Max248,1076,Masculino,112,Hierba,Desierto
Nala105,1077,Masculino,17,Carne,Sabana
Max162,1078,Masculino,187,Frutas,Acuático
Nala238,1079,Masculino,335,Frutas,Acuático
Coco129,1080,Masculino,332,Frutas,Selva
Mila124,1081,Femenino,371,Pescado,Granja
Rex213,1082,Femenino,489,Hierba,Ártico
Simba299,1083,Masculino,198,Pescado,Montaña
Bella175,1084,Masculino,346,Insectos,Acuático
Luna201,1085,Masculino,166,Pescado,Montaña
Rocky11,1086,Femenino,417,Vegetales,Acuático
Simba67,1087,Masculino,185,Hierba,Granja
Coco174,1088,Masculino,8,Pescado,Selva
Luna179,1089,Femenino,455,Carne,Ártico
Rocky92,1090,Masculino,239,Pescado,Ártico
Bella296,1091,Masculino,401,Frutas,Desierto
Nala202,1092,Masculino,18,Vegetales,Montaña
Luna99,1093,Masculino,458,Pescado,Acuático
Rocky63,1094,Masculino,466,Pescado,Selva
Max99,1095,Femenino,125,Vegetales,Acuático
Rex233,1096,Masculino,38,Carne,Ártico
Nala51,1097,Masculino,322,Vegetales,Sabana
Luna75,1098,Femenino,477,Hierba,Granja
Simba247,1099,Femenino,210,Vegetales,Montaña
Leo246,1100,Femenino,20,Hierba,Acuático
Mila214,1101,Femenino,31,Insectos,Montaña
Max249,1102,Femenino,309,Hierba,Selva
Bella3,1103,Masculino,390,Carne,Desierto
Nala37,1104,Femenino,452,Hierba,Desierto
Mila237,1105,Masculino,229,Carne,Selva
Nala103,1106,Masculino,38,Carne,Acuático
Bella136,1107,Masculino,357,Pescado,Acuático
Max48,1108,Femenino,438,Pescado,Ártico
Leo162,1109,Femenino,273,Frutas,Montaña
Max198,1110,Masculino,72,Hierba,Granja
Coco150,1111,Femenino,276,Insectos,Sabana
Rocky248,1112,Femenino,176,Carne,Granja
Max191,1113,Masculino,414,Frutas,Granja
Leo250,1114,Masculino,121,Vegetales,Acuático
Coco107,1115,Femenino,291,Vegetales,Desierto
Bella20,1116,Femenino,38,Insectos,Granja
Rocky203,1117,Femenino,104,Pescado,Selva
Max203,1118,Masculino,152,Vegetales,Sabana
Luna111,1119,Femenino,185,Pescado,Granja
Rex165,1120,Femenino,126,Vegetales,Desierto
Max12,1121,Femenino,405,Frutas,Sabana
Simba2,1122,Femenino,229,Hierba,Montaña
Rocky236,1123,Masculino,1,Insectos,Granja
Mila99,1124,Masculino,100,Hierba,Acuático
Leo296,1125,Masculino,432,Pescado,Desierto
Bella9,1126,Masculino,11,Pescado,Montaña
Rex12,1127,Femenino,10,Frutas,Ártico
Coco69,1128,Femenino,14,Vegetales,Montaña
Rocky64,1129,Femenino,456,Frutas,Acuático
Rex87,1130,Masculino,51,Frutas,Selva
Leo29,1131,Masculino,325,Insectos,Granja
Leo185,1132,Femenino,323,Carne,Selva
Luna67,1133,Femenino,499,Hierba,Desierto
Simba201,1134,Femenino,266,Pescado,Acuático
Max170,1135,Femenino,195,Carne,Ártico
Leo193,1136,Masculino,179,Pescado,Selva
Bella223,1137,Masculino,38,Vegetales,Selva
Leo58,1138,Masculino,299,Hierba,Selva
Nala92,1139,Masculino,374,Frutas,Sabana
Bella165,1140,Masculino,489,Insectos,Ártico
Rocky34,1141,Masculino,497,Carne,Acuático
Mila137,1142,Masculino,187,Insectos,Acuático
Rex82,1143,Femenino,13,Insectos,Sabana
Max130,1144,Masculino,468,Vegetales,Montaña
Max151,1145,Femenino,460,Pescado,Ártico
Bella16,1146,Femenino,444,Pescado,Montaña
Leo24,1147,Femenino,80,Hierba,Ártico
Max73,1148,Masculino,30,Insectos,Desierto
Leo292,1149,Masculino,31,Vegetales,Desierto
Nala48,1150,Femenino,146,Frutas,Granja
Mila56,1151,Masculino,32,Hierba,Desierto
Luna189,1152,Masculino,446,Frutas,Montaña
Max287,1153,Femenino,272,Carne,Sabana
Nala114,1154,Femenino,492,Pescado,Granja
Rex27,1155,Masculino,50,Pescado,Sabana
Rex240,1156,Femenino,320,Hierba,Acuático
Nala204,1157,Femenino,7,Pescado,Ártico
Max123,1158,Masculino,66,Hierba,Selva
Leo87,1159,Masculino,57,Frutas,Sabana
Simba122,1160,Femenino,267,Frutas,Ártico
Leo43,1161,Masculino,134,Pescado,Granja
Nala12,1162,Masculino,301,Hierba,Selva
Leo23,1163,Masculino,23,Pescado,Desierto
Rocky14,1164,Masculino,205,Carne,Sabana
Simba213,1165,Masculino,15,Pescado,Acuático
Simba209,1166,Masculino,223,Frutas,Acuático
Coco293,1167,Femenino,374,Pescado,Granja
Bella22,1168,Femenino,203,Hierba,Selva
Max23,1169,Femenino,320,Vegetales,Granja
Rocky2,1170,Femenino,423,Frutas,Ártico
Rocky252,1171,Masculino,457,Insectos,Desierto
Leo76,1172,Femenino,361,Insectos,Ártico
Rocky206,1173,Masculino,267,Vegetales,Desierto
Mila270,1174,Femenino,474,Vegetales,Granja
Coco90,1175,Masculino,384,Hierba,Acuático
Coco109,1176,Femenino,321,Vegetales,Granja
Leo242,1177,Femenino,427,Frutas,Desierto
Max90,1178,Masculino,122,Pescado,Desierto
Luna244,1179,Masculino,228,Insectos,Selva
Max284,1180,Femenino,242,Frutas,Acuático
Simba47,1181,Masculino,269,Pescado,Selva
Coco40,1182,Masculino,168,Vegetales,Granja
Mila36,1183,Masculino,206,Pescado,Selva
Max281,1184,Femenino,116,Carne,Ártico
Max213,1185,Femenino,258,Hierba,Granja
Luna131,1186,Masculino,361,Insectos,Ártico
Rex245,1187,Masculino,263,Hierba,Granja
Bella42,1188,Femenino,358,Frutas,Selva
Nala25,1189,Masculino,383,Carne,Selva
Rex235,1190,Femenino,45,Carne,Sabana
Leo183,1191,Femenino,279,Vegetales,Desierto
Rex104,1192,Masculino,368,Vegetales,Ártico
Leo237,1193,Femenino,124,Hierba,Granja
Nala165,1194,Masculino,353,Hierba,Selva
Luna283,1195,Femenino,318,Hierba,Montaña
Rocky71,1196,Femenino,122,Hierba,Selva
Simba172,1197,Masculino,312,Carne,Desierto
Mila21,1198,Masculino,416,Insectos,Ártico
Max298,1199,Masculino,263,Insectos,Ártico
Simba116,1200,Masculino,414,Carne,Montaña
Leo192,1201,Masculino,38,Carne,Sabana
Rocky256,1202,Masculino,105,Carne,Sabana
Max178,1203,Masculino,237,Frutas,Acuático
Rocky129,1204,Masculino,449,Insectos,Sabana
Nala83,1205,Masculino,119,Hierba,Montaña
Max111,1206,Femenino,277,Carne,Desierto
Max173,1207,Masculino,182,Frutas,Desierto
Max280,1208,Femenino,447,Vegetales,Acuático
Max59,1209,Femenino,176,Frutas,Ártico
Simba193,1210,Masculino,81,Pescado,Acuático
Nala241,1211,Masculino,344,Frutas,Granja
Max155,1212,Masculino,492,Pescado,Sabana
Luna143,1213,Masculino,327,Frutas,Acuático
Leo158,1214,Femenino,254,Carne,Desierto
Rex83,1215,Femenino,171,Pescado,Acuático
Coco216,1216,Masculino,133,Insectos,Selva
Bella267,1217,Femenino,132,Frutas,Ártico
Coco62,1218,Masculino,203,Hierba,Acuático
Simba145,1219,Masculino,103,Frutas,Sabana
Rex67,1220,Masculino,226,Insectos,Montaña
Rex47,1221,Masculino,488,Vegetales,Ártico
Luna300,1222,Femenino,406,Vegetales,Montaña
Max297,1223,Masculino,9,Frutas,Sabana
Coco213,1224,Femenino,200,Frutas,Selva
Mila59,1225,Masculino,376,Vegetales,Sabana
Nala55,1226,Masculino,318,Vegetales,Acuático
Max138,1227,Femenino,214,Hierba,Sabana
Coco300,1228,Femenino,165,Frutas,Selva
Nala112,1229,Masculino,372,Vegetales,Sabana
Bella256,1230,Masculino,59,Frutas,Ártico
Mila48,1231,Masculino,53,Carne,Selva
Leo283,1232,Masculino,391,Frutas,Acuático
Simba268,1233,Masculino,340,Hierba,Granja
Max148,1234,Masculino,215,Pescado,Ártico
Leo229,1235,Masculino,299,Carne,Selva
Max199,1236,Masculino,191,Hierba,Sabana
Rex64,1237,Femenino,192,Insectos,Selva
Coco159,1238,Femenino,367,Hierba,Desierto
Rex255,1239,Femenino,106,Hierba,Desierto
Coco278,1240,Masculino,286,Pescado,Acuático
Mila69,1241,Femenino,428,Vegetales,Acuático
Rex32,1242,Masculino,361,Carne,Ártico
Max161,1243,Masculino,334,Frutas,Selva
Rocky68,1244,Masculino,234,Pescado,Sabana
Rex239,1245,Femenino,98,Pescado,Ártico
Nala74,1246,Masculino,479,Carne,Ártico
Luna259,1247,Masculino,473,Hierba,Ártico
Max181,1248,Masculino,203,Frutas,Ártico
Max289,1249,Masculino,83,Pescado,Ártico
Mila209,1250,Femenino,393,Pescado,Montaña
Coco195,1251,Masculino,85,Vegetales,Selva
Leo299,1252,Femenino,143,Insectos,Sabana
Bella54,1253,Masculino,2,Frutas,Granja
Bella56,1254,Masculino,131,Hierba,Desierto
Leo114,1255,Femenino,15,Frutas,Montaña
Nala284,1256,Masculino,338,Vegetales,Sabana
Bella59,1257,Masculino,290,Carne,Selva
Max125,1258,Masculino,39,Hierba,Desierto
Nala86,1259,Masculino,149,Vegetales,Sabana
Luna122,1260,Femenino,464,Carne,Granja
Luna63,1261,Femenino,308,Frutas,Acuático
Max272,1262,Masculino,188,Hierba,Montaña
Leo264,1263,Masculino,293,Vegetales,Desierto
Leo2,1264,Femenino,276,Pescado,Selva
Leo285,1265,Femenino,43,Carne,Selva
Leo10,1266,Femenino,130,Hierba,Granja
Leo13,1267,Masculino,59,Vegetales,Montaña
Rocky61,1268,Masculino,21,Hierba,Sabana
Bella98,1269,Femenino,150,Pescado,Ártico
Rocky186,1270,Masculino,94,Frutas,Acuático
Max250,1271,Masculino,365,Vegetales,Desierto
Luna206,1272,Femenino,462,Vegetales,Acuático
Rocky7,1273,Masculino,164,Carne,Sabana
Luna49,1274,Masculino,81,Frutas,Montaña
Rex55,1275,Masculino,173,Pescado,Granja
Nala232,1276,Femenino,467,Insectos,Granja
Mila25,1277,Femenino,80,Insectos,Sabana
Nala134,1278,Femenino,316,Hierba,Granja
Coco135,1279,Femenino,386,Vegetales,Sabana
Luna86,1280,Masculino,112,Hierba,Selva
Rex153,1281,Femenino,288,Insectos,Desierto
Rex238,1282,Femenino,500,Vegetales,Sabana
Simba57,1283,Masculino,234,Hierba,Selva
Simba231,1284,Masculino,388,Vegetales,Granja
Rocky284,1285,Femenino,187,Frutas,Sabana
Coco155,1286,Masculino,58,Carne,Montaña
Bella170,1287,Femenino,422,Pescado,Desierto
Rocky238,1288,Masculino,140,Frutas,Sabana
Bella225,1289,Femenino,245,Pescado,Desierto
Max270,1290,Femenino,331,Frutas,Sabana
Rocky293,1291,Femenino,481,Hierba,Selva
Mila162,1292,Masculino,295,Carne,Sabana
Simba53,1293,Femenino,498,Carne,Sabana
Rex89,1294,Femenino,315,Pescado,Granja
Coco43,1295,Masculino,263,Hierba,Granja
Rex212,1296,Masculino,380,Hierba,Selva
Max115,1297,Masculino,234,Pescado,Ártico
Rex183,1298,Masculino,90,Insectos,Montaña
Nala131,1299,Femenino,149,Pescado,Montaña
Nala291,1300,Femenino,307,Hierba,Ártico
Luna72,1301,Masculino,157,Insectos,Ártico
Coco165,1302,Femenino,281,Carne,Montaña
Coco146,1303,Femenino,189,Frutas,Montaña
Rex75,1304,Femenino,81,Frutas,Ártico
Leo227,1305,Masculino,471,Hierba,Sabana
Mila165,1306,Masculino,20,Carne,Desierto
Coco289,1307,Masculino,30,Carne,Selva
Rex256,1308,Masculino,460,Vegetales,Desierto
Rocky257,1309,Femenino,12,Hierba,Acuático
Simba149,1310,Masculino,418,Vegetales,Sabana
Max120,1311,Femenino,281,Hierba,Selva
Luna159,1312,Masculino,211,Vegetales,Montaña
Simba10,1313,Femenino,72,Insectos,Granja
Leo187,1314,Femenino,305,Carne,Montaña
Rex134,1315,Femenino,187,Vegetales,Montaña
Rex16,1316,Masculino,291,Insectos,Selva
Mila261,1317,Femenino,117,Insectos,Granja
Bella192,1318,Masculino,361,Insectos,Acuático
Coco299,1319,Masculino,425,Carne,Selva
Mila266,1320,Femenino,426,Carne,Sabana
Rex42,1321,Masculino,429,Insectos,Ártico
Nala62,1322,Masculino,61,Vegetales,Desierto
Simba22,1323,Masculino,367,Carne,Selva
Nala184,1324,Femenino,480,Insectos,Selva
Rocky204,1325,Femenino,95,Insectos,Montaña
Mila7,1326,Masculino,35,Frutas,Montaña
Coco24,1327,Femenino,17,Hierba,Desierto
Rex40,1328,Masculino,408,Vegetales,Sabana
Bella260,1329,Masculino,240,Vegetales,Acuático
Luna248,1330,Masculino,489,Carne,Acuático
Rex114,1331,Masculino,52,Frutas,Desierto
Simba94,1332,Femenino,443,Hierba,Granja
Leo223,1333,Femenino,415,Carne,Montaña
Leo277,1334,Masculino,469,Pescado,Desierto
Rex63,1335,Femenino,124,Hierba,Acuático
Leo150,1336,Masculino,154,Frutas,Granja
Coco251,1337,Masculino,63,Hierba,Sabana
Rex39,1338,Masculino,444,Pescado,Granja
Mila200,1339,Masculino,31,Frutas,Selva
Simba196,1340,Femenino,263,Hierba,Montaña
Simba15,1341,Femenino,379,Pescado,Selva
Coco151,1342,Masculino,347,Pescado,Selva
Max276,1343,Masculino,436,Carne,Ártico
Mila127,1344,Masculino,207,Pescado,Selva
Simba11,1345,Femenino,107,Insectos,Selva
Simba236,1346,Femenino,484,Pescado,Montaña
Bella80,1347,Femenino,411,Hierba,Acuático
Coco88,1348,Femenino,327,Carne,Selva
Nala227,1349,Masculino,202,Hierba,Sabana
Coco287,1350,Femenino,335,Pescado,Acuático
Rex246,1351,Masculino,88,Carne,Ártico
Coco94,1352,Femenino,286,Frutas,Sabana
Mila152,1353,Masculino,372,Frutas,Montaña
Luna20,1354,Masculino,249,Carne,Montaña
Nala226,1355,Femenino,151,Insectos,Montaña
Mila204,1356,Masculino,194,Insectos,Sabana
Coco235,1357,Femenino,217,Vegetales,Montaña
Bella8,1358,Masculino,477,Vegetales,Granja
Luna22,1359,Femenino,55,Vegetales,Sabana
Max228,1360,Femenino,38,Hierba,Selva
Rex202,1361,Femenino,349,Carne,Acuático
Coco119,1362,Masculino,484,Vegetales,Montaña
Mila194,1363,Femenino,124,Hierba,Acuático
Max218,1364,Masculino,260,Insectos,Sabana
Nala18,1365,Masculino,184,Hierba,Acuático
Coco283,1366,Femenino,2,Vegetales,Selva
Rex227,1367,Femenino,159,Pescado,Granja
Coco143,1368,Femenino,154,Pescado,Ártico
Nala81,1369,Femenino,306,Insectos,Sabana
Mila75,1370,Femenino,475,Insectos,Ártico
Bella197,1371,Masculino,253,Vegetales,Montaña
Nala115,1372,Masculino,210,Frutas,Acuático
Bella77,1373,Masculino,369,Frutas,Granja
Rocky31,1374,Femenino,146,Carne,Selva
Coco263,1375,Femenino,1,Insectos,Ártico
Rex59,1376,Femenino,162,Pescado,Ártico
Coco3,1377,Masculino,101,Frutas,Ártico
Max167,1378,Masculino,132,Carne,Montaña
Luna38,1379,Masculino,271,Frutas,Acuático
Coco247,1380,Masculino,82,Hierba,Montaña
Nala39,1381,Femenino,117,Hierba,Acuático
Rocky207,1382,Masculino,57,Frutas,Sabana
Luna31,1383,Femenino,4,Hierba,Ártico
Rocky150,1384,Masculino,302,Hierba,Acuático
Max174,1385,Masculino,113,Carne,Granja
Simba253,1386,Masculino,225,Hierba,Acuático
Leo249,1387,Femenino,332,Hierba,Granja
Luna155,1388,Masculino,240,Hierba,Acuático
Rex145,1389,Masculino,23,Pescado,Granja
Simba250,1390,Femenino,140,Carne,Sabana
Rex270,1391,Masculino,419,Hierba,Ártico
Max104,1392,Masculino,294,Vegetales,Montaña
Nala172,1393,Femenino,343,Pescado,Acuático
Max179,1394,Masculino,93,Insectos,Ártico
Bella264,1395,Femenino,336,Vegetales,Montaña
Nala288,1396,Masculino,303,Frutas,Granja
Luna126,1397,Masculino,238,Insectos,Desierto
Mila277,1398,Femenino,115,Pescado,Acuático
Luna81,1399,Femenino,381,Insectos,Selva
Rex288,1400,Masculino,81,Frutas,Selva
Leo141,1401,Masculino,252,Vegetales,Desierto
Rocky199,1402,Masculino,322,Insectos,Desierto
Nala126,1403,Masculino,342,Frutas,Acuático
Mila169,1404,Femenino,203,Vegetales,Desierto
Simba152,1405,Femenino,356,Frutas,Sabana
Simba121,1406,Femenino,247,Insectos,Selva
Max231,1407,Masculino,8,Carne,Acuático
Rex237,1408,Femenino,345,Carne,Granja
Rex133,1409,Femenino,430,Frutas,Selva
Mila8,1410,Femenino,138,Pescado,Montaña
Simba41,1411,Masculino,259,Hierba,Desierto
Nala1,1412,Masculino,94,Pescado,Montaña
Rex7,1413,Masculino,372,Vegetales,Granja
Leo228,1414,Masculino,204,Carne,Selva
Rocky217,1415,Femenino,211,Insectos,Montaña
Rocky153,1416,Masculino,94,Hierba,Sabana
Max164,1417,Masculino,45,Pescado,Desierto
Bella5,1418,Femenino,220,Pescado,Montaña
Nala56,1419,Masculino,243,Pescado,Sabana
Rocky205,1420,Femenino,71,Vegetales,Acuático
Nala180,1421,Masculino,275,Hierba,Acuático
Bella21,1422,Femenino,45,Pescado,Acuático
Nala154,1423,Masculino,93,Frutas,Selva
Nala120,1424,Femenino,145,Hierba,Granja
Simba270,1425,Masculino,180,Hierba,Sabana
Mila272,1426,Femenino,415,Vegetales,Desierto
Rex105,1427,Masculino,182,Frutas,Ártico
Mila64,1428,Masculino,133,Insectos,Sabana
Simba147,1429,Femenino,23,Frutas,Ártico
Mila89,1430,Masculino,136,Carne,Acuático
Coco288,1431,Masculino,431,Insectos,Sabana
Simba292,1432,Masculino,269,Vegetales,Selva
Mila239,1433,Masculino,338,Frutas,Granja
Nala29,1434,Femenino,224,Frutas,Desierto
Leo144,1435,Femenino,129,Pescado,Selva
Bella212,1436,Masculino,435,Pescado,Acuático
Mila161,1437,Masculino,231,Pescado,Sabana
Luna216,1438,Femenino,123,Frutas,Acuático
Luna226,1439,Femenino,472,Hierba,Selva
Coco103,1440,Femenino,419,Insectos,Montaña
Max264,1441,Femenino,37,Hierba,Acuático
Mila186,1442,Masculino,498,Insectos,Desierto
Coco2,1443,Masculino,383,Pescado,Montaña
Simba233,1444,Masculino,480,Insectos,Acuático
Coco156,1445,Femenino,173,Carne,Montaña
Simba123,1446,Femenino,417,Insectos,Desierto
Mila57,1447,Femenino,381,Insectos,Sabana
Simba223,1448,Masculino,179,Pescado,Sabana
Coco128,1449,Masculino,496,Frutas,Desierto
Rocky220,1450,Femenino,467,Carne,Granja
Bella142,1451,Masculino,406,Carne,Selva
Max65,1452,Femenino,74,Insectos,Ártico
Leo251,1453,Femenino,285,Insectos,Desierto
Nala156,1454,Femenino,220,Hierba,Acuático
Coco261,1455,Masculino,411,Carne,Montaña
Nala174,1456,Femenino,302,Hierba,Granja
Mila60,1457,Masculino,80,Insectos,Acuático
Max222,1458,Femenino,492,Carne,Selva
Nala27,1459,Femenino,301,Insectos,Montaña
Simba266,1460,Masculino,485,Hierba,Selva
Bella155,1461,Femenino,150,Frutas,Montaña
Rocky278,1462,Masculino,323,Pescado,Granja
Rocky251,1463,Femenino,347,Vegetales,Granja
Rocky182,1464,Masculino,378,Vegetales,Selva
Leo131,1465,Masculino,417,Frutas,Desierto
Rex148,1466,Masculino,443,Carne,Desierto
Rex37,1467,Masculino,298,Insectos,Sabana
Bella102,1468,Masculino,383,Pescado,Selva
Bella69,1469,Femenino,82,Pescado,Granja
Leo52,1470,Masculino,59,Insectos,Granja
Nala194,1471,Masculino,109,Insectos,Desierto
Simba74,1472,Masculino,377,Vegetales,Sabana
Rocky88,1473,Femenino,20,Carne,Granja
Nala111,1474,Femenino,470,Insectos,Acuático
Coco280,1475,Masculino,54,Pescado,Acuático
Luna68,1476,Masculino,225,Insectos,Granja
Leo252,1477,Masculino,382,Insectos,Desierto
Nala211,1478,Femenino,136,Insectos,Granja
Leo38,1479,Femenino,216,Vegetales,Sabana
Simba275,1480,Femenino,195,Frutas,Desierto
Rocky95,1481,Femenino,492,Frutas,Selva
Rocky126,1482,Masculino,131,Insectos,Selva
Mila31,1483,Masculino,261,Vegetales,Granja
Nala182,1484,Masculino,333,Vegetales,Desierto
Leo42,1485,Masculino,61,Pescado,Ártico
Leo134,1486,Masculino,176,Vegetales,Selva
Max257,1487,Femenino,183,Hierba,Acuático
Nala149,1488,Masculino,35,Pescado,Selva
Bella202,1489,Femenino,307,Insectos,Montaña
Simba137,1490,Femenino,189,Hierba,Desierto
Simba115,1491,Masculino,73,Insectos,Acuático
Coco175,1492,Femenino,199,Pescado,Acuático
Coco51,1493,Masculino,326,Pescado,Ártico
Simba205,1494,Masculino,260,Hierba,Desierto
Leo112,1495,Femenino,302,Insectos,Desierto
Rocky211,1496,Femenino,39,Frutas,Acuático
Leo298,1497,Masculino,7,Vegetales,Acuático
Mila224,1498,Masculino,276,Carne,Selva
Mila87,1499,Masculino,279,Vegetales,Sabana
Bella15,1500,Masculino,226,Frutas,Acuático
Luna217,1501,Masculino,51,Pescado,Sabana
Nala70,1502,Femenino,57,Vegetales,Sabana
Rex26,1503,Masculino,394,Insectos,Ártico
Leo294,1504,Masculino,175,Insectos,Granja
Coco101,1505,Femenino,23,Carne,Sabana
Rex220,1506,Femenino,81,Hierba,Granja
Rocky274,1507,Femenino,336,Vegetales,Acuático
Leo244,1508,Masculino,235,Insectos,Sabana
Nala198,1509,Femenino,378,Insectos,Desierto
Max211,1510,Masculino,90,Hierba,Selva
Max251,1511,Femenino,92,Vegetales,Acuático
Rex287,1512,Masculino,162,Insectos,Acuático
Rocky44,1513,Femenino,283,Insectos,Sabana
Bella286,1514,Masculino,182,Carne,Desierto
Simba50,1515,Femenino,53,Insectos,Selva
Max91,1516,Femenino,439,Pescado,Montaña
Mila283,1517,Femenino,166,Carne,Granja
Simba161,1518,Femenino,303,Insectos,Ártico
Nala217,1519,Masculino,483,Carne,Desierto
Mila33,1520,Femenino,119,Insectos,Acuático
Coco252,1521,Masculino,207,Carne,Granja
Rex135,1522,Masculino,235,Frutas,Selva
Rex210,1523,Masculino,78,Insectos,Ártico
Simba259,1524,Masculino,461,Frutas,Acuático
Nala140,1525,Masculino,212,Frutas,Sabana
Rocky52,1526,Femenino,496,Carne,Granja
Simba291,1527,Masculino,378,Frutas,Desierto
Bella283,1528,Masculino,31,Pescado,Montaña
Rocky113,1529,Femenino,407,Carne,Selva
Coco290,1530,Femenino,119,Insectos,Granja
Luna84,1531,Femenino,131,Vegetales,Ártico
Bella126,1532,Femenino,97,Pescado,Desierto
Coco42,1533,Masculino,58,Carne,Selva
Coco89,1534,Masculino,457,Pescado,Desierto
Bella234,1535,Masculino,159,Hierba,Acuático
Luna71,1536,Masculino,262,Insectos,Sabana
Rex28,1537,Masculino,118,Frutas,Sabana
Nala196,1538,Femenino,100,Insectos,Desierto
Bella206,1539,Masculino,345,Frutas,Sabana
Rocky26,1540,Masculino,226,Frutas,Montaña
Bella52,1541,Femenino,387,Frutas,Ártico
Rex121,1542,Femenino,405,Insectos,Sabana
Mila38,1543,Masculino,182,Hierba,Ártico
Coco232,1544,Masculino,367,Frutas,Ártico
Luna130,1545,Masculino,44,Pescado,Montaña
Simba27,1546,Masculino,158,Insectos,Granja
Bella110,1547,Femenino,26,Hierba,Ártico
Leo167,1548,Masculino,482,Carne,Selva
Rex149,1549,Femenino,169,Vegetales,Selva
Simba136,1550,Femenino,185,Insectos,Sabana
Luna240,1551,Masculino,481,Pescado,Selva
Mila243,1552,Femenino,258,Carne,Granja
Luna98,1553,Masculino,158,Carne,Desierto
Rocky181,1554,Femenino,271,Hierba,Sabana
Luna55,1555,Femenino,349,Frutas,Desierto
Mila74,1556,Masculino,98,Carne,Ártico
Max143,1557,Femenino,182,Hierba,Desierto
Max142,1558,Femenino,173,Hierba,Selva
Bella75,1559,Femenino,95,Insectos,Selva
Mila136,1560,Femenino,145,Pescado,Acuático
Nala173,1561,Femenino,84,Pescado,Sabana
Coco295,1562,Masculino,155,Hierba,Selva
Coco61,1563,Femenino,86,Hierba,Sabana
Rex13,1564,Masculino,42,Pescado,Acuático
Rocky300,1565,Femenino,264,Carne,Granja
Mila145,1566,Masculino,446,Insectos,Acuático
Rex294,1567,Femenino,338,Pescado,Selva
Bella172,1568,Masculino,8,Insectos,Montaña
Coco134,1569,Masculino,177,Frutas,Ártico
Leo108,1570,Masculino,158,Frutas,Montaña
Rex38,1571,Masculino,324,Frutas,Acuático
Leo152,1572,Masculino,413,Frutas,Sabana
Rex265,1573,Masculino,57,Hierba,Desierto
Nala218,1574,Masculino,438,Insectos,Acuático
Rex70,1575,Femenino,429,Vegetales,Acuático
Nala76,1576,Femenino,237,Vegetales,Desierto
Bella122,1577,Femenino,308,Hierba,Acuático
Max21,1578,Femenino,133,Vegetales,Selva
Rocky271,1579,Masculino,347,Vegetales,Desierto
Rex224,1580,Femenino,422,Insectos,Selva
Nala82,1581,Masculino,23,Pescado,Granja
Max118,1582,Femenino,89,Pescado,Granja
Simba70,1583,Femenino,51,Frutas,Montaña
Rex266,1584,Masculino,495,Pescado,Selva
Mila206,1585,Masculino,293,Carne,Desierto
Coco197,1586,Masculino,261,Vegetales,Ártico
Simba84,1587,Masculino,37,Carne,Granja
Simba237,1588,Masculino,168,Pescado,Sabana
Bella48,1589,Femenino,330,Pescado,Desierto
Luna148,1590,Masculino,64,Insectos,Selva
Mila93,1591,Femenino,266,Hierba,Sabana
Simba249,1592,Femenino,72,Hierba,Acuático
Mila195,1593,Masculino,117,Insectos,Selva
Leo137,1594,Masculino,372,Pescado,Montaña
Leo95,1595,Femenino,477,Pescado,Montaña
Simba197,1596,Femenino,458,Vegetales,Acuático
Coco183,1597,Femenino,239,Frutas,Granja
Mila86,1598,Masculino,306,Insectos,Acuático
Bella221,1599,Femenino,123,Frutas,Granja
Max96,1600,Masculino,341,Carne,Montaña
Simba65,1601,Masculino,307,Pescado,Ártico
Max194,1602,Femenino,320,Insectos,Selva
Simba277,1603,Masculino,218,Vegetales,Montaña
Rocky189,1604,Femenino,438,Frutas,Acuático
Simba120,1605,Femenino,357,Hierba,Sabana
Luna239,1606,Femenino,110,Frutas,Selva
Mila85,1607,Masculino,203,Pescado,Acuático
Mila72,1608,Femenino,157,Hierba,Selva
Simba255,1609,Masculino,405,Insectos,Sabana
Luna145,1610,Masculino,286,Carne,Desierto
Rocky176,1611,Masculino,470,Carne,Granja
Simba219,1612,Masculino,75,Frutas,Granja
Nala179,1613,Femenino,283,Hierba,Acuático
Max108,1614,Femenino,29,Insectos,Sabana
Bella67,1615,Masculino,137,Vegetales,Selva
Luna199,1616,Masculino,454,Insectos,Acuático
Mila190,1617,Femenino,259,Hierba,Ártico
Rex269,1618,Masculino,333,Frutas,Montaña
Max176,1619,Masculino,221,Vegetales,Acuático
Mila221,1620,Masculino,109,Pescado,Selva
Nala150,1621,Masculino,72,Frutas,Granja
Max1,1622,Masculino,221,Frutas,Sabana
Mila100,1623,Femenino,19,Vegetales,Granja
Mila282,1624,Femenino,352,Insectos,Acuático
Nala90,1625,Femenino,46,Hierba,Sabana
Max67,1626,Masculino,175,Hierba,Selva
Bella127,1627,Femenino,168,Frutas,Selva
Nala214,1628,Masculino,186,Vegetales,Ártico
Rex217,1629,Masculino,252,Insectos,Sabana
Coco21,1630,Masculino,153,Insectos,Montaña
Max78,1631,Femenino,324,Pescado,Ártico
Coco46,1632,Masculino,302,Pescado,Granja
Coco202,1633,Femenino,55,Carne,Montaña
Max64,1634,Masculino,404,Hierba,Ártico
Leo30,1635,Femenino,375,Pescado,Sabana
Bella289,1636,Femenino,131,Frutas,Montaña
Luna9,1637,Masculino,229,Hierba,Sabana
Mila9,1638,Masculino,276,Pescado,Montaña
Nala300,1639,Femenino,89,Pescado,Acuático
Rex154,1640,Masculino,439,Carne,Montaña
Simba118,1641,Masculino,72,Carne,Ártico
Leo169,1642,Masculino,321,Hierba,Ártico
Max261,1643,Femenino,89,Insectos,Sabana
Leo173,1644,Femenino,47,Frutas,Sabana
Nala47,1645,Masculino,301,Insectos,Montaña
Max41,1646,Masculino,318,Vegetales,Selva
Mila203,1647,Femenino,140,Carne,Selva
Rocky242,1648,Femenino,374,Hierba,Granja
Rex109,1649,Masculino,192,Pescado,Montaña
Max265,1650,Masculino,430,Carne,Ártico
Mila103,1651,Masculino,24,Vegetales,Acuático
Bella182,1652,Femenino,467,Insectos,Sabana
Leo138,1653,Femenino,139,Frutas,Montaña
Rocky196,1654,Masculino,272,Carne,Ártico
Coco108,1655,Masculino,429,Vegetales,Acuático
Coco217,1656,Masculino,207,Frutas,Desierto
Mila120,1657,Masculino,311,Pescado,Acuático
Bella273,1658,Masculino,466,Frutas,Selva
Rocky178,1659,Femenino,238,Pescado,Selva
Mila142,1660,Masculino,4,Frutas,Granja
Rex155,1661,Femenino,56,Pescado,Granja
Rocky110,1662,Masculino,341,Insectos,Montaña
Simba283,1663,Femenino,234,Vegetales,Ártico
Luna53,1664,Femenino,478,Insectos,Selva
Leo99,1665,Femenino,107,Frutas,Sabana
Luna224,1666,Masculino,301,Frutas,Ártico
Luna41,1667,Masculino,400,Pescado,Selva
Simba290,1668,Femenino,161,Pescado,Desierto
Mila108,1669,Femenino,105,Pescado,Montaña
Mila292,1670,Masculino,217,Insectos,Ártico
Leo72,1671,Femenino,114,Pescado,Desierto
Simba66,1672,Femenino,419,Hierba,Acuático
Mila63,1673,Femenino,136,Pescado,Desierto
Rocky201,1674,Masculino,321,Pescado,Desierto
Coco190,1675,Femenino,16,Hierba,Sabana
Leo49,1676,Femenino,47,Frutas,Sabana
Coco258,1677,Femenino,279,Insectos,Montaña
Mila296,1678,Femenino,205,Carne,Granja
Mila163,1679,Femenino,269,Frutas,Granja
Rocky209,1680,Masculino,113,Carne,Acuático
Coco83,1681,Masculino,90,Frutas,Sabana
Simba51,1682,Femenino,303,Hierba,Granja
Luna232,1683,Femenino,104,Frutas,Montaña
Rex137,1684,Femenino,479,Insectos,Desierto
Luna115,1685,Masculino,64,Insectos,Desierto
Max278,1686,Femenino,443,Frutas,Montaña
Leo130,1687,Femenino,409,Insectos,Selva
Rocky104,1688,Masculino,297,Insectos,Desierto
Nala95,1689,Masculino,298,Hierba,Sabana
Simba40,1690,Masculino,408,Vegetales,Ártico
Nala142,1691,Femenino,294,Hierba,Selva
Leo286,1692,Masculino,377,Frutas,Desierto
Bella66,1693,Masculino,477,Carne,Montaña
Nala175,1694,Masculino,353,Insectos,Selva
Bella71,1695,Femenino,86,Insectos,Acuático
Luna110,1696,Masculino,52,Hierba,Desierto
Simba282,1697,Masculino,337,Carne,Ártico
Leo127,1698,Femenino,415,Frutas,Montaña
Simba278,1699,Masculino,392,Vegetales,Desierto
Luna196,1700,Femenino,327,Frutas,Desierto
Coco164,1701,Masculino,41,Carne,Sabana
Mila278,1702,Masculino,161,Hierba,Selva
Bella35,1703,Masculino,12,Hierba,Acuático
Leo84,1704,Masculino,5,Vegetales,Sabana
Rocky22,1705,Masculino,222,Vegetales,Granja
Nala132,1706,Masculino,52,Pescado,Sabana
Max71,1707,Masculino,168,Vegetales,Acuático
Rex161,1708,Femenino,401,Carne,Selva
Max146,1709,Masculino,431,Carne,Selva
Simba274,1710,Masculino,344,Carne,Selva
Bella87,1711,Femenino,295,Carne,Montaña
Nala135,1712,Masculino,87,Pescado,Montaña
Rex181,1713,Masculino,247,Pescado,Montaña
Leo234,1714,Masculino,367,Pescado,Montaña
Rex65,1715,Femenino,484,Pescado,Montaña
Luna52,1716,Femenino,417,Vegetales,Sabana
Max101,1717,Femenino,319,Vegetales,Selva
Coco18,1718,Masculino,253,Hierba,Granja
Coco23,1719,Masculino,229,Insectos,Montaña
Simba194,1720,Femenino,500,Vegetales,Ártico
Coco86,1721,Masculino,16,Pescado,Selva
Rex243,1722,Masculino,54,Carne,Selva
Luna297,1723,Femenino,445,Vegetales,Granja
Coco241,1724,Masculino,295,Vegetales,Desierto
Nala205,1725,Femenino,181,Pescado,Desierto
Luna121,1726,Femenino,418,Carne,Acuático
Rex99,1727,Masculino,387,Insectos,Acuático
Mila13,1728,Masculino,400,Frutas,Acuático
Rocky179,1729,Femenino,368,Hierba,Montaña
Nala79,1730,Femenino,16,Vegetales,Sabana
Rocky190,1731,Masculino,4,Pescado,Acuático
Leo275,1732,Femenino,244,Vegetales,Montaña
Simba86,1733,Masculino,428,Vegetales,Acuático
Max157,1734,Femenino,420,Pescado,Selva
Nala161,1735,Masculino,72,Carne,Montaña
Leo203,1736,Masculino,263,Vegetales,Granja
Max110,1737,Masculino,483,Vegetales,Sabana
Rocky279,1738,Masculino,500,Pescado,Desierto
Bella26,1739,Masculino,334,Carne,Acuático
Bella238,1740,Masculino,423,Pescado,Desierto
Simba55,1741,Masculino,394,Insectos,Desierto
Nala127,1742,Femenino,171,Pescado,Selva
Leo117,1743,Masculino,160,Frutas,Sabana
Mila290,1744,Masculino,375,Pescado,Sabana
Nala246,1745,Femenino,253,Pescado,Selva
Simba150,1746,Masculino,71,Frutas,Selva
Luna245,1747,Femenino,479,Carne,Acuático
Rex112,1748,Masculino,432,Vegetales,Sabana
Max103,1749,Femenino,51,Pescado,Selva
Rex56,1750,Masculino,490,Frutas,Montaña
Nala107,1751,Masculino,96,Pescado,Granja
Rocky84,1752,Masculino,483,Carne,Ártico
Coco68,1753,Femenino,355,Insectos,Granja
Coco110,1754,Femenino,170,Insectos,Sabana
Max245,1755,Masculino,239,Carne,Desierto
Luna279,1756,Femenino,416,Insectos,Desierto
Simba288,1757,Femenino,65,Frutas,Ártico
Max27,1758,Femenino,250,Vegetales,Granja
Bella141,1759,Femenino,374,Carne,Sabana
Nala230,1760,Femenino,486,Carne,Ártico
Nala4,1761,Femenino,221,Pescado,Montaña
Coco162,1762,Masculino,255,Pescado,Selva
Nala16,1763,Femenino,418,Carne,Ártico
Luna34,1764,Femenino,395,Vegetales,Sabana
Leo288,1765,Femenino,407,Vegetales,Selva
Bella266,1766,Femenino,475,Hierba,Granja
Leo153,1767,Masculino,479,Vegetales,Montaña
Simba133,1768,Masculino,408,Insectos,Selva
Rocky246,1769,Masculino,224,Hierba,Selva
Rex185,1770,Femenino,384,Carne,Acuático
Rocky172,1771,Femenino,133,Carne,Acuático
Rex259,1772,Masculino,77,Frutas,Granja
Mila1,1773,Masculino,308,Hierba,Desierto
Max224,1774,Femenino,331,Vegetales,Desierto
Luna132,1775,Masculino,317,Pescado,Acuático
Luna127,1776,Femenino,58,Insectos,Montaña
Luna135,1777,Masculino,384,Frutas,Selva
Leo274,1778,Femenino,405,Vegetales,Montaña
Max236,1779,Masculino,313,Insectos,Sabana
Luna162,1780,Masculino,293,Carne,Ártico
Rex190,1781,Masculino,112,Hierba,Sabana
Luna6,1782,Femenino,223,Hierba,Granja
Bella94,1783,Masculino,158,Frutas,Montaña
Bella135,1784,Masculino,137,Hierba,Selva
Leo9,1785,Femenino,152,Carne,Sabana
Coco286,1786,Femenino,43,Frutas,Montaña
Rex198,1787,Masculino,98,Insectos,Granja
Mila45,1788,Masculino,201,Frutas,Granja
Rex173,1789,Femenino,225,Frutas,Montaña
Luna254,1790,Femenino,149,Pescado,Ártico
Nala121,1791,Femenino,225,Carne,Acuático
Leo79,1792,Femenino,210,Insectos,Desierto
Nala254,1793,Femenino,421,Insectos,Selva
Simba217,1794,Masculino,235,Carne,Desierto
Coco38,1795,Masculino,107,Pescado,Selva
Nala277,1796,Masculino,440,Vegetales,Desierto
Rocky6,1797,Masculino,68,Hierba,Ártico
Rex22,1798,Femenino,229,Vegetales,Selva
Bella174,1799,Femenino,34,Frutas,Sabana
Coco275,1800,Femenino,463,Frutas,Granja
Bella49,1801,Femenino,137,Pescado,Ártico
Luna150,1802,Femenino,315,Carne,Montaña
Coco84,1803,Masculino,72,Hierba,Granja
Leo73,1804,Masculino,425,Insectos,Montaña
Simba211,1805,Masculino,199,Carne,Montaña
Coco240,1806,Masculino,306,Vegetales,Sabana
Leo222,1807,Femenino,299,Hierba,Montaña
Mila150,1808,Femenino,22,Vegetales,Montaña
Nala195,1809,Masculino,450,Pescado,Granja
Coco237,1810,Femenino,365,Insectos,Ártico
Rex79,1811,Masculino,259,Vegetales,Acuático
Rocky48,1812,Femenino,273,Insectos,Acuático
Nala250,1813,Femenino,265,Pescado,Sabana
Coco57,1814,Femenino,456,Hierba,Sabana
Rocky198,1815,Masculino,184,Carne,Granja
Simba200,1816,Masculino,63,Hierba,Desierto
Coco17,1817,Masculino,163,Carne,Ártico
Nala239,1818,Masculino,349,Carne,Acuático
Mila24,1819,Masculino,148,Insectos,Sabana
Leo256,1820,Femenino,99,Carne,Acuático
Rex204,1821,Femenino,462,Hierba,Montaña
Rex103,1822,Femenino,463,Carne,Ártico
Luna186,1823,Masculino,193,Hierba,Desierto
Bella211,1824,Masculino,370,Hierba,Selva
Max268,1825,Masculino,206,Frutas,Ártico
Rocky56,1826,Femenino,202,Insectos,Granja
Nala54,1827,Femenino,24,Pescado,Acuático
Leo209,1828,Masculino,120,Hierba,Selva
Coco48,1829,Masculino,109,Vegetales,Sabana
Bella217,1830,Femenino,18,Pescado,Ártico
Max61,1831,Masculino,467,Pescado,Montaña
Luna176,1832,Femenino,62,Insectos,Montaña
Leo3,1833,Masculino,295,Pescado,Montaña
Mila149,1834,Femenino,5,Pescado,Selva
Max74,1835,Femenino,349,Pescado,Selva
Mila284,1836,Masculino,311,Vegetales,Granja
Coco220,1837,Masculino,347,Frutas,Sabana
Coco265,1838,Femenino,410,Insectos,Desierto
Bella179,1839,Masculino,81,Insectos,Acuático
Luna113,1840,Masculino,364,Carne,Montaña
Rocky124,1841,Femenino,498,Pescado,Granja
Leo14,1842,Masculino,453,Vegetales,Desierto
Mila280,1843,Masculino,399,Hierba,Desierto
Rocky169,1844,Masculino,276,Vegetales,Granja
Nala216,1845,Masculino,374,Pescado,Granja
Bella228,1846,Femenino,181,Frutas,Acuático
Simba245,1847,Femenino,183,Hierba,Selva
Mila55,1848,Masculino,111,Frutas,Granja
Luna144,1849,Femenino,269,Insectos,Selva
Leo255,1850,Femenino,247,Hierba,Sabana
Max239,1851,Masculino,272,Hierba,Selva
Coco123,1852,Femenino,98,Vegetales,Montaña
Bella226,1853,Femenino,34,Vegetales,Sabana
Bella154,1854,Femenino,453,Frutas,Desierto
Bella244,1855,Femenino,116,Frutas,Sabana
Rex289,1856,Masculino,117,Frutas,Ártico
Leo270,1857,Masculino,235,Hierba,Selva
Bella239,1858,Masculino,7,Hierba,Acuático
Simba296,1859,Masculino,419,Carne,Selva
Max7,1860,Femenino,489,Insectos,Sabana
Rocky194,1861,Masculino,408,Frutas,Selva
Mila218,1862,Femenino,2,Hierba,Desierto
Simba7,1863,Femenino,271,Hierba,Sabana
Mila274,1864,Femenino,372,Vegetales,Selva
Luna77,1865,Masculino,476,Insectos,Selva
Luna19,1866,Masculino,133,Hierba,Acuático
Rex110,1867,Femenino,431,Hierba,Granja
Rex11,1868,Masculino,127,Hierba,Selva
Simba295,1869,Masculino,250,Pescado,Desierto
Leo205,1870,Femenino,253,Carne,Granja
Nala233,1871,Masculino,276,Pescado,Ártico
Mila251,1872,Femenino,407,Hierba,Granja
Rocky225,1873,Masculino,285,Carne,Ártico
Nala30,1874,Masculino,44,Frutas,Sabana
Luna109,1875,Femenino,430,Hierba,Acuático
Rocky267,1876,Masculino,498,Insectos,Sabana
Coco282,1877,Masculino,333,Pescado,Selva
Leo104,1878,Masculino,234,Pescado,Montaña
Leo263,1879,Femenino,340,Vegetales,Granja
Leo146,1880,Masculino,448,Hierba,Acuático
Simba261,1881,Masculino,86,Vegetales,Desierto
Mila297,1882,Masculino,349,Vegetales,Sabana
Simba206,1883,Masculino,368,Frutas,Sabana
Rocky13,1884,Masculino,452,Carne,Montaña
Luna151,1885,Masculino,58,Carne,Sabana
Coco28,1886,Masculino,366,Vegetales,Desierto
Rocky294,1887,Femenino,130,Vegetales,Sabana
Bella118,1888,Masculino,53,Vegetales,Acuático
Luna167,1889,Masculino,258,Pescado,Sabana
Rex193,1890,Masculino,483,Hierba,Ártico
Max133,1891,Masculino,415,Vegetales,Granja
Rocky72,1892,Femenino,251,Insectos,Desierto
Mila30,1893,Femenino,195,Frutas,Granja
Mila104,1894,Masculino,136,Frutas,Desierto
Bella230,1895,Femenino,152,Frutas,Sabana
Max159,1896,Femenino,23,Frutas,Granja
Max169,1897,Femenino,107,Carne,Ártico
Rocky148,1898,Femenino,314,Pescado,Sabana
Mila180,1899,Femenino,354,Pescado,Desierto
Rex219,1900,Masculino,381,Frutas,Montaña
Luna14,1901,Masculino,172,Frutas,Sabana
Rex275,1902,Masculino,70,Frutas,Sabana
Mila227,1903,Femenino,191,Hierba,Sabana
Mila289,1904,Femenino,450,Carne,Montaña
Nala102,1905,Femenino,436,Hierba,Granja
Mila285,1906,Femenino,443,Frutas,Acuático
Nala212,1907,Masculino,439,Vegetales,Granja
Rex85,1908,Femenino,47,Frutas,Desierto
Rocky114,1909,Femenino,472,Frutas,Sabana
Bella83,1910,Masculino,111,Hierba,Granja
Mila294,1911,Femenino,66,Hierba,Selva
Max25,1912,Masculino,157,Carne,Montaña
Max114,1913,Femenino,451,Hierba,Granja
Leo164,1914,Femenino,215,Vegetales,Montaña
Leo269,1915,Masculino,344,Insectos,Sabana
Rocky23,1916,Masculino,439,Frutas,Selva
Rex281,1917,Femenino,278,Insectos,Desierto
Mila153,1918,Femenino,10,Hierba,Granja
Rocky282,1919,Masculino,118,Vegetales,Desierto
Leo48,1920,Femenino,489,Carne,Granja
Luna35,1921,Masculino,193,Vegetales,Granja
Mila35,1922,Masculino,126,Pescado,Acuático
Rex201,1923,Femenino,176,Frutas,Desierto
Simba155,1924,Femenino,166,Carne,Acuático
Mila123,1925,Femenino,425,Carne,Acuático
Rex25,1926,Femenino,301,Frutas,Granja
Luna211,1927,Masculino,158,Vegetales,Selva
Nala52,1928,Masculino,446,Pescado,Ártico
Bella205,1929,Femenino,37,Pescado,Acuático
Luna76,1930,Femenino,360,Hierba,Selva
Luna276,1931,Femenino,252,Carne,Desierto
Max46,1932,Masculino,71,Hierba,Granja
Bella207,1933,Femenino,47,Carne,Montaña
Simba157,1934,Femenino,328,Pescado,Acuático
Rocky193,1935,Femenino,98,Hierba,Sabana
Coco167,1936,Masculino,97,Pescado,Sabana
Rocky98,1937,Femenino,465,Pescado,Selva
Coco56,1938,Femenino,189,Frutas,Granja
Bella254,1939,Masculino,60,Vegetales,Acuático
Rocky235,1940,Masculino,369,Hierba,Montaña
Rocky127,1941,Femenino,251,Frutas,Montaña
Leo6,1942,Masculino,297,Vegetales,Desierto
Leo41,1943,Femenino,211,Hierba,Acuático
Nala236,1944,Masculino,380,Hierba,Ártico
Leo201,1945,Masculino,17,Frutas,Selva
Simba60,1946,Femenino,98,Insectos,Sabana
Rocky152,1947,Masculino,347,Frutas,Ártico
Rex150,1948,Femenino,202,Carne,Desierto
Bella40,1949,Femenino,117,Hierba,Acuático
Max154,1950,Femenino,275,Hierba,Desierto
Nala85,1951,Femenino,493,Vegetales,Selva
Rex140,1952,Masculino,480,Carne,Sabana
Rocky54,1953,Masculino,382,Carne,Sabana
Rex189,1954,Femenino,287,Pescado,Acuático
Nala148,1955,Masculino,388,Hierba,Sabana
Max18,1956,Femenino,491,Insectos,Acuático
Mila229,1957,Femenino,181,Insectos,Selva
Luna295,1958,Femenino,307,Insectos,Sabana
Leo191,1959,Femenino,81,Carne,Selva
Simba192,1960,Masculino,83,Hierba,Montaña
Nala10,1961,Femenino,355,Frutas,Sabana
Bella120,1962,Femenino,238,Insectos,Desierto
Leo67,1963,Masculino,91,Vegetales,Ártico
Bella167,1964,Femenino,111,Hierba,Ártico
Leo180,1965,Masculino,301,Vegetales,Desierto
Simba207,1966,Masculino,148,Frutas,Montaña
Luna212,1967,Masculino,467,Insectos,Granja
Max201,1968,Femenino,162,Pescado,Sabana
Leo66,1969,Femenino,455,Hierba,Selva
Simba189,1970,Masculino,34,Frutas,Granja
Nala191,1971,Femenino,477,Frutas,Selva
Nala220,1972,Masculino,104,Pescado,Granja
Bella78,1973,Femenino,145,Frutas,Sabana
Bella47,1974,Masculino,64,Insectos,Acuático
Rex248,1975,Femenino,97,Pescado,Montaña
Simba227,1976,Femenino,399,Frutas,Sabana
Nala189,1977,Femenino,237,Hierba,Ártico
Simba269,1978,Femenino,229,Carne,Acuático
Rex206,1979,Masculino,213,Pescado,Acuático
Max92,1980,Masculino,343,Carne,Desierto
Luna142,1981,Masculino,77,Vegetales,Desierto
Luna230,1982,Masculino,24,Frutas,Granja
Max105,1983,Masculino,407,Carne,Sabana
Leo62,1984,Femenino,200,Frutas,Desierto
Nala100,1985,Masculino,492,Pescado,Selva
Mila233,1986,Masculino,155,Hierba,Acuático
Coco93,1987,Femenino,221,Carne,Ártico
Rocky101,1988,Masculino,422,Vegetales,Sabana
Rex290,1989,Femenino,206,Insectos,Granja
Luna108,1990,Femenino,411,Insectos,Montaña
Mila178,1991,Femenino,259,Hierba,Desierto
Leo22,1992,Femenino,82,Hierba,Montaña
Mila219,1993,Femenino,234,Frutas,Montaña
Max259,1994,Masculino,266,Carne,Sabana
Luna29,1995,Femenino,449,Frutas,Acuático
Nala185,1996,Femenino,404,Vegetales,Acuático
Max283,1997,Masculino,97,Frutas,Desierto
Rocky160,1998,Femenino,100,Frutas,Selva
Mila156,1999,Masculino,71,Frutas,Granja
Simba141,2000,Femenino,455,Frutas,Montaña
